0.75351,-0.082168,-2.2179,-1.1287,0.51443,-0.4529,-1.9486,0.66498,0.70081,-0.85675,0
-0.35586,-0.53084,-0.28978,-0.37142,0.54943,0.25592,-0.87461,1.0352,-2.2405,-1.2151,0
-0.34956,0.38054,0.28941,0.42673,-0.28688,-0.23914,-1.3625,-1.501,-0.22227,0.90196,0
-1.828,-0.19186,0.74058,-2.5045,1.4907,1.2861,0.19494,1.4649,-0.71977,-0.35113,0
-0.72846,1.1772,0.94414,-0.9697,2.0851,-0.3801,2.043,0.62476,1.1721,-0.51146,0
1.6499,-1.2244,1.3536,0.35264,-1.4791,0.70373,-1.215,-0.47631,-1.6565,0.49438,0
0.47133,0.9115,-0.33001,0.11399,0.50857,-0.50421,0.047758,1.1231,1.7932,0.014156,0
1.4648,1.0072,0.0056403,0.64013,-0.086002,-0.58147,-0.35934,1.5391,1.5858,1.3854,0
0.33222,1.3376,2.5708,0.49406,0.37163,-0.7406,0.42149,1.9936,1.1742,0.89794,0
-2.109,-0.21265,-0.54749,0.58401,-0.71414,0.87395,-0.48074,-1.798,-0.57302,-0.22393,0
-0.82443,0.75653,-0.32631,-1.5996,1.1223,-1.0498,-0.004525,1.3377,0.014846,0.21511,0
-1.9535,0.37313,-0.0098754,-1.3926,0.071575,-0.45009,-0.37354,0.18583,-0.37733,0.53033,0
-0.88296,-0.21648,-1.505,1.1527,-0.47485,0.58606,-0.29523,-0.29337,0.088088,1.3751,0
0.066185,-1.7989,-0.98445,-0.070814,-1.3556,0.9831,-1.0462,0.1481,-0.01813,-1.4924,0
0.087035,0.83538,-0.21692,0.47516,-0.29569,0.96439,-0.72929,-1.845,-0.49271,0.80544,0
0.48207,-0.12649,0.39109,-1.0415,0.53069,0.19784,1.6747,0.1268,-0.083085,1.2273,0
0.26186,0.42454,-1.5943,-0.61178,-0.46511,-0.42777,1.303,0.34183,1.0198,-0.61345,0
-0.70521,-0.23127,0.8511,0.51205,0.59374,1.4969,-0.35765,0.5167,0.10513,-0.60869,0
0.4687,-0.034596,-0.2029,1.4437,0.11654,1.2587,-0.23902,1.3294,0.69477,0.41345,0
-1.6062,0.32275,0.5427,-1.1151,0.96716,-0.067135,-0.65387,0.07114,0.64234,-0.83007,0
-0.37073,0.78591,0.02909,0.084134,-1.4473,-0.18169,0.9292,-0.49435,-0.38683,-0.97902,0
1.0539,-0.21095,-0.75115,-1.1428,0.83876,0.36439,0.90261,-1.3102,-0.98727,-0.81584,0
-0.054463,1.824,0.78701,0.97758,-0.35697,0.94748,1.0034,0.83034,0.90108,1.4522,0
-1.1808,0.91672,-0.73432,-0.80821,-0.78179,-0.90352,-1.1501,-2.9835,0.56238,-0.37107,0
-1.1948,0.95953,1.9894,1.3514,-0.27086,-1.0936,-0.028889,1.7895,-0.55636,1.6987,0
0.08288,-0.79411,3.2141,2.2794,1.1797,0.57015,-0.41419,-0.18962,-1.0078,-0.62873,0
0.60158,0.72759,-0.092474,-0.85835,-1.0067,-0.47867,0.93915,0.0023254,0.34903,-0.42015,0
-0.081783,0.40613,-0.24415,0.10406,1.4299,0.64978,0.089502,1.9885,-0.40629,0.9317,0
0.3808,-0.11624,-0.43153,1.8054,-0.11575,-1.5428,0.98906,0.93371,0.31695,0.94176,0
1.1682,-1.1909,2.456,-0.85917,-0.31824,-0.01392,-0.70846,-0.14721,-1.3147,0.51074,0
-1.049,0.48333,0.09608,-0.061963,0.42885,-2.1452,-0.3204,-0.86257,0.14121,-1.2249,0
-0.013043,-1.14,0.10594,1.4713,-1.2833,-0.21469,-0.25148,1.0377,1.0983,-0.9254,0
0.2083,0.1435,-0.51512,1.0854,1.3019,-0.10874,-0.27014,-1.0292,1.0842,0.32679,0
-0.40961,1.6474,-1.8077,0.5928,-0.33156,-0.64383,-0.60705,0.2869,-0.14006,-1.7237,0
1.2035,-0.85307,0.31066,0.79938,-0.50733,-0.82178,-0.37867,1.5573,-0.19323,-1.5352,0
0.72376,0.66091,1.2368,1.3516,-0.090279,1.1231,0.95776,-1.9294,0.35494,1.9977,0
0.63777,0.96187,-0.26034,0.043082,-1.1305,0.10493,1.6291,-0.76126,1.3438,-0.41553,0
-0.79603,0.072561,0.48824,-0.34388,0.28537,-0.0828,-0.88793,-0.4447,0.91294,-1.9134,0
-1.0922,1.831,0.57268,-0.85079,-0.29966,0.23543,-0.11553,0.23723,-0.9404,1.3707,0
0.76948,0.35675,0.87876,-0.55001,0.070405,0.54271,1.1013,-0.23405,0.37453,-1.1238,0
0.3836,0.52251,0.63991,-0.57485,0.42607,1.2267,0.30063,-1.3877,-0.41257,-0.067095,0
0.040766,-0.042025,-0.73213,-0.332,-1.2147,0.63353,-0.35449,-0.45653,-2.1155,1.3529,0
0.15087,-0.27247,1.4144,-0.040677,1.0925,2.1381,0.020643,-0.50052,0.83211,-0.010405,0
0.30269,0.19979,-0.16926,-1.502,-1.0882,-0.23824,-0.55756,-0.15865,-0.72082,0.5781,0
0.92272,0.73094,0.36589,1.2251,0.65369,0.29165,-1.1335,0.54877,0.3818,-0.67083,0
0.69997,-0.70502,0.1424,-0.053862,-0.83401,-0.75456,-0.82664,-0.11144,-0.24703,-0.089047,0
-0.67967,1.4284,0.84791,0.8962,1.7852,-0.3221,1.1368,0.20475,0.68268,1.9239,0
0.44494,0.038513,1.1852,0.99822,-0.22729,0.56441,0.90969,1.4412,0.43045,0.46504,0
-1.6777,0.42761,-0.56883,-0.377,-2.7308,-0.97517,-0.037801,0.60766,0.45911,-0.6962,0
-0.14268,1.5287,-0.6632,-0.10502,1.185,-0.1403,0.26945,0.68806,-1.4379,0.3678,0
0.71175,0.64777,0.23487,1.1875,-0.62535,0.39991,0.44803,-1.3043,-0.40793,1.5864,0
0.078613,2.1971,1.1324,0.80452,-0.2866,0.32247,1.183,1.295,-1.5139,0.73857,0
-0.8661,1.5626,-1.9454,0.12502,1.68,-2.1236,0.69628,-0.42075,0.37415,0.58451,0
-0.2884,0.089581,-1.9699,0.84044,0.79954,-0.35314,0.010381,-0.70676,-0.35957,0.34402,0
-1.1247,-2.4282,-0.28294,-0.076509,-0.34685,-0.12693,-1.2896,-0.58337,0.45097,-0.10305,0
-1.4527,-0.077718,-0.27573,1.1659,-0.55566,-1.4295,0.96274,0.35937,0.4072,-0.11826,0
0.81376,0.33231,-0.69648,-0.83284,1.1536,0.90531,0.84439,1.7997,0.7318,-0.2697,0
1.1788,-1.763,-0.57478,-0.96824,-0.92629,1.3956,0.65599,-0.16577,0.091309,0.95896,0
0.20661,0.02085,-0.58619,-2.7474,1.5642,-1.8575,0.64733,-0.12494,0.52204,-0.50676,0
-0.29725,-1.6931,2.0055,1.8549,1.0631,-0.027553,0.67511,0.18243,-0.83251,-1.2677,0
-0.4603,0.74561,0.386,2.9811,0.16328,-0.66019,0.46133,0.71118,-2.2093,0.14644,0
-0.36223,2.0703,1.8118,1.3,-0.21131,0.66617,-0.39888,1.6137,-0.651,1.5975,0
-1.2791,1.2812,-0.14979,0.099641,0.54855,0.88608,0.27495,-0.68721,2.4428,-1.7802,0
0.45817,0.38208,0.30551,0.81209,1.3159,-1.5131,1.2343,1.5443,-0.77059,-2.675,0
1.1212,1.8705,1.1979,-0.083666,-1.5226,0.88702,-0.039614,-0.61901,0.41954,2.1447,0
-0.44341,-0.52964,-1.1566,-0.7385,2.4072,-0.79381,-1.3409,-0.15669,-0.44563,0.68483,0
1.0884,1.2139,0.76634,0.15979,0.098249,-1.4908,0.7491,1.168,1.7694,-0.78853,0
-0.76777,0.11066,0.34709,0.15803,0.54894,0.27108,-0.56359,1.1952,-0.53532,0.71427,0
-1.0379,-0.70963,-0.72316,-1.1382,0.51612,0.13509,-0.18116,0.17326,-0.41773,-0.26962,0
0.056121,-0.25446,2.1488,-0.25011,0.02482,-1.1142,-0.046653,0.68364,-0.74317,1.0248,0
-0.64396,-1.6448,-0.67786,-0.5642,1.0375,1.7426,-0.3397,0.32948,0.032217,0.69059,0
-1.1612,0.94249,1.194,-1.1103,-0.52117,-1.4569,-1.4137,-0.073428,-1.6162,-0.52593,0
-0.17901,-0.55139,0.25794,0.57875,0.067269,0.62665,1.575,-1.034,0.04311,1.0961,0
-0.80375,0.35173,0.058955,0.38983,0.52117,-0.16765,-0.61766,1.6408,-1.5828,-1.0387,0
-1.3002,-0.46169,1.4468,0.65325,-0.11508,-0.38613,-0.42229,1.7564,-0.45896,-1.1087,0
1.9963,-0.92133,0.49221,0.38758,0.99662,-0.98112,1.2017,0.69238,-0.49417,0.61599,0
-0.19021,0.49269,0.71394,0.72563,-0.44584,0.50624,0.46652,0.88111,-0.67488,-1.3669,0
0.88486,-0.6049,1.8102,1.1665,-0.68863,1.1651,0.75565,-1.2891,-0.76752,-0.20406,0
2.6787,1.207,2.5616,0.040893,0.99159,0.3364,1.3195,0.71511,1.8612,1.0616,0
0.86013,1.4608,1.9708,0.42062,0.1967,0.56305,1.0919,0.82135,-1.0549,0.21378,0
0.82575,2.3497,1.5642,1.1843,1.582,0.28908,-0.36569,1.6596,2.4049,0.46033,0
1.1067,0.071669,0.98896,0.58274,-2.0477,-0.86208,0.20249,1.9807,1.1659,0.61968,0
-1.3346,0.044798,-1.297,-0.82171,0.37158,-1.2446,0.89949,-1.49,-0.862,-1.3016,0
-0.18537,-0.77614,1.1357,-0.53995,0.91017,-1.2822,0.70979,0.10146,2.0538,-0.47771,0
-0.21681,-0.20556,-1.4559,-0.059097,-0.16548,0.62124,-0.0089646,1.0792,0.48941,0.10449,0
1.3076,1.0282,0.67066,-0.47186,-0.017698,-2.7901,0.44012,-0.28437,0.40602,-0.76362,0
0.11487,-0.49174,0.72128,0.22131,0.5349,-3.4483,1.3434,-1.3212,-1.253,-0.051427,0
0.44821,1.208,0.11192,0.86909,0.50379,0.12844,2.2593,-1.5672,-0.014411,0.60783,0
0.226,-0.46122,-1.6757,-0.085082,-0.27705,-0.35246,0.53536,0.80245,1.0982,-0.52025,0
0.063977,-0.79845,-1.7941,-1.1096,-1.1577,-0.098999,-2.3723,-0.23028,-0.71969,0.22941,0
-0.40873,-1.0387,0.78514,-0.6205,-0.52015,-0.82533,-0.36558,1.2231,-0.073987,-0.72606,0
-0.74192,-1.2572,-0.61407,0.72164,-1.2045,-0.50623,0.16659,-1.0262,-0.14593,0.030096,0
0.40006,1.4873,-0.96398,0.23852,-0.49488,0.09379,-0.75197,-1.0865,1.0723,0.73478,0
-1.4367,0.30138,0.95965,-1.4663,0.30391,-0.27659,-1.0171,-1.3883,-1.7399,-1.861,0
-0.72958,-2.2435,-0.38178,0.74772,-0.46886,-0.90425,-0.42034,-0.44636,-0.47116,-0.30193,0
-0.15329,-0.99315,-0.57062,0.28494,0.85118,-1.5498,0.42347,-1.218,0.4714,-1.4405,0
-0.33876,0.84778,-0.90275,-0.35391,0.168,2.3931,0.72908,0.019692,1.0996,1.1289,0
0.61889,0.49321,-0.056638,-0.73738,1.5017,-1.8077,-0.11506,0.39593,0.71346,-1.7194,0
2.3017,0.40496,1.4049,0.29867,1.4734,0.86534,0.73692,-1.3363,1.2029,0.17944,0
0.72891,-0.34435,0.55369,0.27159,0.62345,2.6963,-0.12282,0.79597,-0.31966,0.63845,0
-0.21356,-0.052554,0.06563,0.29832,-0.39805,-0.29561,0.18214,-0.5071,-1.2308,-0.05102,0
-1.0834,0.99899,0.74207,1.071,0.41167,0.1617,0.789,0.39611,-0.98768,-2.5304,0
-0.86031,0.3628,0.30986,1.4514,-0.22886,0.31663,-0.28774,0.1556,0.22045,-0.6354,0
-0.10732,-0.84819,0.67755,0.086161,0.16131,-0.20624,0.92098,0.18881,-0.4252,0.29846,0
-0.64844,-1.4774,-1.7079,0.84675,-2.0402,0.2232,-0.53981,-0.27155,0.47664,-1.0457,0
0.86532,1.6801,0.078858,-0.32718,1.4698,-0.77661,-0.52083,-1.2831,-0.691,1.9027,0
-1.2147,0.16295,0.023068,-0.75591,1.6638,-0.78878,1.7003,-0.039269,-0.13522,0.47232,0
0.47161,0.52464,0.12522,0.27625,0.83293,0.50819,0.72665,-0.35435,0.081993,0.86267,0
-0.70554,-0.79644,1.0187,-1.1176,-0.46357,0.21051,0.51112,0.021901,-0.32075,0.99415,0
1.5605,1.7924,0.1965,-1.0168,1.5286,-0.44607,0.19776,-0.47078,-1.3919,-0.22068,0
-1.0849,-1.5003,0.12297,-1.4414,-1.6879,-1.349,0.48891,0.087212,-0.098459,-1.369,0
1.6872,0.99414,-1.2534,-0.46974,2.4729,-0.6716,0.93545,1.1387,-0.038139,2.0207,0
-0.4946,0.94407,0.81744,0.29431,0.48429,0.4471,0.97893,1.6293,0.34528,1.268,0
-0.30271,-1.716,-1.1155,-1.137,-0.55253,-0.36089,-0.69553,-1.6629,-0.39107,-2.4219,0
0.49188,2.1196,-1.9592,-0.47524,0.82287,-2.1559,-1.242,-0.24297,1.1647,-0.90138,0
1.1814,-0.15983,0.28524,-1.0223,-0.71687,0.098412,2.3398,0.44699,-0.98089,1.5223,0
1.0064,-0.00052804,1.5481,-0.068114,0.32847,-0.92198,0.67811,0.5341,-0.97066,-0.62417,0
-0.22774,-0.55907,-0.11566,-1.7624,1.3231,-1.4294,1.6207,0.31699,-0.18205,1.3465,0
-0.91781,-0.39532,-0.51972,-0.37233,-1.4983,-0.0089915,-1.3968,-1.1629,-0.36653,-1.2636,0
-1.7672,0.22218,-0.97634,-0.31072,0.1336,0.080632,-0.60696,0.04709,-0.087004,0.76731,0
2.2277,0.78789,1.1005,2.0192,0.41841,1.0725,3.297,1.8799,0.81668,-0.62426,0
0.92374,-0.96999,0.56948,0.24939,0.65106,0.81019,-0.85015,0.20263,-0.54814,0.12343,0
0.51381,-0.26324,-0.41686,0.90063,-0.26996,-1.6951,-0.79491,-1.1656,-1.1137,-1.2028,0
1.128,-1.2515,-0.65363,-1.309,-1.2877,-0.93275,-0.57746,-2.0028,-1.1452,-2.6142,0
0.032917,0.055213,-1.1874,0.8589,-1.3661,-0.045596,0.017118,-0.98228,-0.10051,-0.36029,0
0.19603,1.3736,1.9219,-0.86532,-0.022794,-0.22485,0.30316,-0.86168,1.0264,1.6391,0
1.1455,0.922,-0.25906,0.49071,1.2812,2.3996,0.73822,1.3365,1.4413,1.382,0
0.22535,0.70807,-0.046073,-0.30298,-0.060186,0.16523,1.5734,-0.53346,1.6645,0.049987,0
0.59826,0.41426,0.72734,0.93251,-0.26342,0.020118,0.30251,0.63793,-0.0081772,0.097546,0
-0.76359,-1.2745,0.35432,-0.61591,0.53319,-1.1174,-1.5515,0.17897,0.87722,-0.32571,0
-0.42792,0.57812,0.9506,-1.3867,-1.3102,-0.089606,0.76542,-0.73312,1.1354,-0.34716,0
0.49702,-0.26091,2.1041,-0.38565,1.116,-0.09209,-0.30451,0.051845,-1.801,0.34104,0
-0.47341,-0.71377,-0.31842,0.23604,0.087422,-0.5073,-1.5694,-0.29464,-0.46367,-0.38549,0
1.3951,1.2299,-0.53752,0.90645,-0.55835,0.077321,0.074031,-0.25988,0.36657,1.1095,0
1.2406,2.0904,-0.055032,-0.12827,1.9177,-0.55677,1.4886,0.81151,-0.10716,-1.0915,0
-0.94887,-0.39689,-0.47963,-1.3114,0.82229,0.22729,-0.46304,0.24386,-0.26914,0.31671,0
0.13592,-1.243,0.22472,-0.31136,-1.3734,0.63788,0.45902,0.18609,0.76678,-1.4436,0
1.2509,0.9876,-1.1885,0.261,0.010439,-1.7969,0.65094,1.5687,1.1274,-1.1336,0
0.85345,-1.2824,-0.63236,1.7949,0.50359,-0.25386,-2.0612,0.52151,-1.5032,-0.18433,0
-0.93028,-1.4509,-1.5917,1.547,-2.8972,0.28256,-0.34482,-1.2989,-0.027145,-1.9564,0
-0.070992,-0.55507,2.6018,0.40976,1.2511,0.986,1.3248,1.0686,0.15434,1.4782,0
0.67859,0.10619,0.60304,0.54365,-1.2822,-0.76344,-0.26941,-0.16154,0.058106,0.61677,0
-0.29222,-0.60939,-1.0383,-0.67697,-1.3444,-0.022344,0.029303,-1.3289,0.972,-0.40046,0
0.31828,-1.7925,-0.53617,-0.099142,0.12648,-1.2669,-0.092871,-1.7284,-0.99372,-1.6311,0
-0.69486,-1.239,-0.49412,1.6885,-0.45248,1.2868,-0.78719,0.86821,0.31823,0.76842,0
1.3055,-1.2208,-1.6377,0.17242,0.16777,1.7664,-0.082072,-1.6202,1.3474,0.92545,0
0.062189,0.45973,-2.0657,-0.14384,-0.60896,0.44674,-0.48862,-0.41046,-1.441,-0.13731,0
0.6094,0.52182,-1.2036,0.61408,1.6746,0.021579,-1.5264,-0.30429,0.58326,-1.3351,0
-0.62025,-0.09969,-0.098742,0.094901,1.5913,2.3022,-1.7022,1.5125,-0.92958,-0.18481,0
0.13391,1.7782,-0.50252,-0.90197,0.64417,1.091,-0.0057959,-1.722,1.7124,1.9299,0
-0.58259,0.78731,0.028238,-1.5309,0.78655,-0.061,0.75722,0.34004,0.60102,-0.18558,0
-0.2795,0.068509,0.067746,1.7565,0.24573,-0.20517,-1.5445,0.64569,2.1053,0.9698,0
0.11903,1.596,0.37687,-0.45067,0.99929,-0.39784,0.011298,2.0449,-0.90183,-0.057327,0
-1.0409,0.21198,0.35758,1.0822,0.26364,-0.37152,-0.52251,1.1008,-0.37842,-1.855,0
-0.04187,0.27617,-0.13226,0.17158,-1.3738,-0.331,-0.17629,0.93434,0.45556,-1.2246,0
2.0458,0.49767,-1.1904,-0.47633,-1.0318,2.0734,0.21835,-0.11942,1.9261,1.4221,0
-0.053389,-1.2726,0.29719,-1.1856,0.53847,-1.5226,-0.31362,0.56722,-0.58,-0.59916,0
-1.5827,-1.2228,0.70125,0.78919,1.1473,-0.016151,1.6615,1.127,-0.33108,-0.4136,0
0.13673,0.60638,-0.31384,0.93148,-0.96967,0.24323,-0.80585,-1.2234,-0.22518,0.039314,0
0.71521,2.0643,0.25901,-0.43823,0.36379,0.18934,-0.4294,0.27791,-0.70874,1.682,0
2.1961,0.62965,0.89138,0.55789,1.1687,-1.3668,-0.40898,1.8218,-0.21473,-0.1376,0
1.3108,0.50718,-0.57918,0.3191,-2.3105,0.11213,-0.32456,-1.4342,-0.41734,0.060057,0
1.0417,-0.061988,-0.33311,-0.8349,0.43063,1.9962,0.72537,0.46208,1.1761,0.80021,0
1.0729,-0.30652,0.14977,1.0887,-0.45105,1.2102,-1.3327,-1.3702,-0.66736,-1.2258,0
-0.23534,-0.054953,-1.0645,-1.4144,-0.49207,-0.27857,0.4487,0.90298,0.285,-1.0701,0
-1.5551,-0.58108,-0.8033,0.81318,0.43441,1.3786,-0.51173,1.7639,0.044632,-2.2027,0
-0.71738,-0.40805,-1.2464,-1.4425,-0.99803,-1.6276,-0.18512,-0.19118,-0.3836,0.72775,0
0.18844,-0.69105,-1.0359,0.90165,1.4565,0.065694,0.81801,-0.81752,1.1999,-0.34982,0
0.85623,1.4555,-1.522,-0.093274,-0.33132,-0.54604,-1.1628,0.07972,1.5628,0.50997,0
-0.55781,-1.5262,1.3781,-0.076257,-0.30742,-1.1309,-1.7398,-0.56362,-0.43269,-0.053537,0
-0.75871,-0.1073,-1.4925,-0.54546,-0.84007,-1.627,-0.18944,-1.7953,-0.23583,0.715,0
-0.24392,0.15998,0.28709,-0.51464,2.4915,1.3653,0.81668,-1.335,-0.38354,0.58898,0
0.0543,0.31712,-0.24759,-0.011603,0.24598,-0.66351,-0.053058,0.42524,-0.88463,0.35382,0
0.036705,1.6123,0.43787,1.0396,1.0047,-1.1279,-0.823,-0.60995,0.60639,0.40823,0
-0.00011754,1.9159,-1.4713,-1.7992,0.59679,-0.2936,1.6508,0.032706,-1.6071,-0.23637,0
0.097396,0.4627,-0.28824,1.206,-1.8572,0.41528,-0.26724,0.68101,-0.20299,-0.43381,0
0.15231,-0.84102,0.40571,1.0059,-0.30933,0.98525,-0.13737,0.46813,0.81172,-1.0634,0
0.28195,0.078771,-0.89487,-0.12216,-0.044361,1.3033,1.127,-0.6717,-0.67721,-0.13886,0
-1.594,1.8027,-0.42136,0.25695,-0.026782,0.82166,-1.2786,-0.28406,-0.74748,1.2015,0
-1.8509,0.17877,-2.6604,0.66438,0.73874,0.11182,0.82117,-2.8334,-2.1808,-1.0397,0
-0.73024,-0.69779,0.50405,-0.057234,-1.3209,0.78586,-0.24506,-2.2373,-1.1263,-2.1447,0
-0.4864,0.26681,0.59332,-0.68032,0.48889,1.0449,0.10497,0.95453,-0.702,1.4729,0
-0.75175,1.4533,-0.60377,-0.64882,-0.49122,-0.38626,1.3694,-1.5427,-1.1209,-0.68666,0
0.63602,0.31418,1.0129,1.0794,-0.58581,-0.87709,0.055462,-0.27393,0.84863,0.4825,0
-0.31868,-1.1158,1.2075,-1.6291,-1.4763,-1.8641,-1.8542,-0.27029,-0.45181,-3.2763,0
-2.2311,-2.475,-0.65307,-0.40515,-0.47736,-0.2612,0.075423,1.1416,-1.1897,1.1079,0
1.2803,-0.5266,1.3721,1.9706,-0.58317,1.6449,0.32982,0.0071235,0.30556,0.77212,0
-0.92194,-0.20599,0.027279,0.47135,-1.3523,-0.68272,-1.2193,0.22217,-0.091495,1.2044,0
0.5237,1.8112,-0.13887,-0.39658,-0.35214,-1.6862,0.42203,-0.12293,0.19553,-0.22986,0
0.4317,-0.76164,-2.2772,-0.87497,1.1732,-0.093929,-0.82121,-0.11712,0.26695,0.38645,0
-0.68565,-1.4739,0.37656,0.46532,0.28906,-0.82682,1.1857,-0.49495,-1.3726,-1.8867,0
1.7052,-0.39845,-0.20548,0.29038,0.1178,0.91342,-0.093113,0.79528,0.2985,2.1901,0
-0.30958,-0.11387,-1.4989,-0.79316,-1.0827,-0.43333,-0.57556,-1.7935,-0.20504,1.4099,0
0.017633,1.1664,0.65858,-0.1266,0.025417,0.24664,-1.8774,0.1686,-0.351,1.1911,0
-1.8308,-0.34452,-0.028587,-1.8252,0.092228,0.34822,-1.2517,0.8428,-1.0275,0.17536,0
1.253,-0.73532,1.8947,-0.35084,0.68345,-0.28853,0.49436,-0.21792,1.3925,-1.7199,0
-1.7864,0.23987,0.59947,-0.40452,1.3047,-0.36735,0.98306,0.064234,0.21065,0.74966,0
-1.2803,-1.1168,0.091106,-0.16553,-1.2296,-1.1821,1.3794,-0.29649,-0.95051,-0.9972,0
1.4024,-0.54713,0.44318,-0.069324,-0.68138,1.8929,-1.0498,-0.84649,-0.85169,-0.49039,0
0.89549,-0.44756,1.1795,-0.55514,-0.37349,0.8361,-0.041238,2.4203,0.34995,-1.1438,0
1.2575,0.029729,-2.3827,0.44418,-0.757,-0.96969,-1.2028,-0.59612,-0.53555,-0.2103,0
-1.524,0.93643,0.11382,-0.33432,0.90784,-1.675,-0.26086,-0.73563,1.1618,-0.69555,0
-1.5258,-1.1248,-0.82877,-0.57763,-0.41229,-0.78805,0.72028,-0.066497,-0.85027,-0.10188,0
0.89517,0.65747,0.80523,1.0758,-0.17827,-1.3085,0.092417,2.4157,-0.31013,0.74734,0
0.076238,-0.85401,0.62675,0.44036,0.096638,0.57782,-0.54008,0.028995,0.78451,-2.644,0
0.70701,0.69258,-0.57167,0.17497,-0.19864,0.042144,0.97192,-1.8884,-0.93692,0.20662,0
-0.58533,-0.18877,0.50524,-1.2203,0.96008,0.017814,-1.6259,-0.98918,-0.061115,0.41484,0
-0.54473,-0.80715,-1.6182,-2.0649,0.31513,0.84716,0.80456,1.389,0.23746,-2.0988,0
1.2054,0.73437,-0.36917,1.2869,0.026492,-0.041619,-0.70669,0.75498,-0.44157,-0.62185,0
-2.0066,-1.5125,-0.082681,-2.0894,-1.5196,0.69143,-2.5675,-1.8992,-0.60194,-1.618,0
1.4627,0.46723,0.35081,1.0806,-1.2516,0.7343,0.40875,0.13881,0.54203,-0.20213,0
1.9005,0.2018,-0.25225,0.09483,-0.97087,-1.3874,-1.1237,0.093245,1.36,-0.45392,0
-0.1617,0.026615,1.609,0.38271,-0.51304,-1.0372,-0.2084,1.1533,-0.53449,-2.2158,0
1.0423,-0.83505,-0.33726,-0.57279,0.48716,1.0457,-2.0592,-0.96039,-1.2873,-0.59734,0
0.9455,1.0856,1.678,0.8661,0.42911,-0.11907,-0.19637,0.093924,0.51884,0.38952,0
-0.5448,0.33395,-0.10069,-0.87369,-0.091115,-0.077909,-0.11353,0.44049,-1.8853,0.55726,0
-0.64749,-1.9371,0.067217,-0.32528,0.12087,-2.944,2.1611,-1.3701,-1.9194,-0.020219,0
-0.0019478,1.4008,0.9301,-0.12455,-0.17146,2.2082,-0.32142,-0.086141,-0.52134,0.70422,0
0.066475,-0.35093,1.8425,1.0649,-0.16047,1.0466,-0.93839,0.0043236,-0.27581,0.64765,0
-2.0803,-1.9736,-0.51833,0.41919,-0.4769,0.0052782,0.71392,-2.4928,-0.44851,-0.14044,0
-1.431,1.6811,-2.0401,0.31558,1.3444,0.47286,0.98409,2.2695,-0.60441,-0.62588,0
-1.2951,0.72046,-0.54553,1.264,-1.832,0.24922,-0.56952,0.12738,0.7434,0.093721,0
-0.94304,-0.22184,1.6663,-0.19112,-0.81878,1.0843,-3.1086,-0.97236,-0.89633,-0.92861,0
-0.23437,-0.6098,-1.5129,0.022208,1.9908,0.34496,0.35406,-1.3617,-0.65547,0.71895,0
-2.1292,0.39268,-1.0781,0.44326,-0.23998,0.47207,0.52471,0.33864,-0.14784,-0.42712,0
-0.20305,0.54823,1.1506,-0.87463,-0.13972,1.0966,0.15203,1.7163,0.15535,-0.5181,0
0.29286,-0.30922,-0.651,0.15906,-0.18168,1.4834,-1.3992,-1.0734,0.96032,-1.9134,0
0.1921,0.87571,-1.3961,0.71646,-0.35388,-0.51452,-0.3214,1.1834,-0.65377,0.98369,0
-0.8836,0.048114,1.3869,-2.4354,1.0804,0.20017,0.4979,-0.68193,-1.3173,0.96446,0
-1.2509,0.40505,-0.59244,-0.23913,0.80304,-0.86755,0.35594,0.042533,-0.059389,0.24629,0
-1.9196,0.58827,-1.744,0.79122,1.5307,-1.5004,-0.00075292,-2.1633,-2.5716,1.0263,0
-0.59048,0.44476,0.91205,-0.60056,-0.21393,0.69728,-2.0572,-1.4398,0.10706,0.25058,0
2.3306,0.46129,0.7645,1.6468,-0.24416,0.39856,-0.36294,0.22303,1.5322,-1.5617,0
-0.73264,-0.19171,-1.8478,-0.37426,0.15396,-1.9026,1.9555,-0.083545,-0.50124,1.1688,0
0.59602,-0.69887,-0.6141,-0.079566,0.55201,0.24724,-0.86234,-0.29889,-0.30418,-0.33117,0
-0.016484,-1.2381,0.20974,0.20583,-1.1776,0.10033,-0.7495,0.72588,2.0613,0.20961,0
1.5962,-2.2729,-0.44694,0.25227,-0.8588,-0.46623,0.55303,1.3887,1.3147,-1.5807,0
0.68129,-0.99174,-0.4264,-0.50682,1.3787,0.33341,-2.6957,-2.0508,1.4273,-1.364,0
0.77384,-0.61292,-0.43771,0.89321,-0.67754,0.54685,1.2877,1.1352,-0.29368,-1.7049,0
-0.20808,0.49016,-0.60702,-1.3116,2.5334,1.1748,-0.17672,-0.038943,0.059374,-0.1216,0
-0.067791,1.7797,0.31477,0.33754,-0.47834,0.67989,1.2169,0.70417,-0.30765,0.65635,0
0.097488,0.24113,-1.0496,0.18182,-0.20857,-0.20293,1.0739,-0.084722,0.16199,-0.034023,0
0.75188,0.72373,-0.7683,-1.1973,-0.56785,1.5936,0.24769,0.07496,2.1437,0.965,0
-1.3443,-0.81809,-0.1441,-0.86496,-0.9939,0.75008,1.5013,-1.1185,-0.26934,-1.0665,0
-0.056261,0.98685,1.2584,-0.58687,-0.49228,0.3133,0.13075,-0.10963,0.75641,-0.91042,0
-3.2147,-0.37444,-0.35591,-0.46943,-0.71775,-0.83881,-0.73257,0.32987,0.91433,0.50408,0
-1.4963,0.21716,0.44731,-1.0641,-0.09147,0.48827,0.071203,-0.77267,-0.47303,0.70598,0
0.42676,-0.26438,0.44506,-0.029513,-0.60802,0.83801,-0.34579,-1.6536,-1.8626,-0.48143,0
-0.74899,-0.66286,0.080847,-0.97225,0.18503,0.72886,1.4632,0.72967,0.31488,-0.72936,0
-0.48147,-0.48886,0.53726,0.46651,-0.79218,0.29943,0.0023529,0.56411,-0.087588,0.95684,0
-1.7773,-0.51883,1.8393,0.19441,-1.1581,-0.98965,0.50297,1.1013,0.6811,0.014292,0
1.0938,-0.1025,-0.53904,0.55872,1.1278,-0.74014,0.013154,-0.57145,-0.84625,-1.1737,0
-1.174,0.19982,1.108,-1.2916,-1.1906,-0.45653,-1.0331,-0.047455,-0.87472,1.8964,0
0.90566,0.9253,-0.13041,2.6087,0.23948,0.18463,1.1391,0.16811,1.4633,-0.35378,0
0.15672,-0.0094383,0.91141,0.16936,0.12826,0.56805,-0.11574,-0.88512,0.044135,0.75385,0
1.6518,-0.66111,-1.3185,2.8316,0.49274,-1.5108,1.7829,0.45223,-0.32723,1.1149,0
0.79793,-1.1596,-1.0975,0.31516,0.21207,-0.78441,0.21904,0.70875,0.48885,0.67833,0
-1.0513,-1.5404,-0.3087,-0.40475,-0.90344,0.68665,0.78606,0.5943,1.5984,0.79796,0
1.567,0.52496,-0.43558,0.64589,0.87018,-1.6664,-0.32893,-0.061175,-2.5548,0.051318,0
0.0034657,-1.0958,0.0031592,-1.1476,-0.79736,-0.62888,-0.46087,-0.14704,-0.84631,-1.0979,0
0.83506,-0.70159,0.13694,0.15545,-0.89925,-0.65254,0.16726,-1.107,0.099654,-0.87435,0
-0.28955,0.015367,-0.15728,-1.2388,-1.7782,-0.27307,0.15013,-1.0964,0.31064,-0.30351,0
-1.2563,-0.47182,3.4264,0.3843,0.7362,-0.90432,0.65879,-0.34948,0.43657,-0.35732,0
0.58376,1.7753,-0.14919,-0.65755,0.49306,-1.5324,0.48182,0.43364,-0.9844,0.46598,0
-0.34079,-0.23008,-0.28718,-0.80672,-0.33573,-0.74721,-0.92849,0.67536,-1.1528,-0.16715,0
-1.1844,-2.7643,1.5364,-2.175,0.025315,1.1332,0.57534,-0.66581,-0.33956,-0.89235,0
0.42286,-0.13284,0.0071895,0.89363,0.78889,1.5979,0.37872,0.04459,-0.8367,1.3376,0
0.70152,-0.52755,-0.022379,0.63852,-0.343,0.73051,-0.92936,-0.051587,-1.0417,0.81592,0
-0.74757,-0.77132,1.7089,0.36728,-1.9159,-0.58182,1.0449,-0.71208,0.56823,-2.0029,0
1.1697,0.037371,-1.1844,-0.3433,-0.54782,-0.99821,1.2521,-0.86771,0.16876,-2.0003,0
0.62677,-1.0897,0.10274,1.3203,1.3675,0.0067339,-0.49047,1.2152,1.1897,-0.057457,0
-0.011977,1.2795,-0.84935,0.73767,-1.8794,-0.035021,1.4897,-1.0729,-1.1477,-0.55957,0
-0.27313,-0.85751,-0.29702,-0.80931,-0.051749,1.421,-1.2561,-0.46021,-1.4256,0.64408,0
0.73656,1.7065,-0.80568,-0.78995,1.2893,-1.2574,-1.6843,-1.6312,-1.1548,-0.18971,0
1.8908,-0.28675,-0.95188,-0.24054,1.5405,-0.89538,0.13927,0.1921,-0.37863,-0.87194,0
-0.87724,-0.71404,-1.1,0.31056,0.27804,-2.546,-0.5729,-1.438,-0.38719,0.33218,0
1.1119,-0.81134,1.7672,-0.716,-0.35469,0.2541,0.073609,-2.5018,0.28794,-1.2404,0
-0.78177,-0.39793,-1.3063,-1.4927,0.12041,0.61642,-2.2211,-0.08879,-0.34527,1.7505,0
1.8705,-1.6612,0.37362,0.44196,0.23293,-0.7157,-1.1023,0.024928,0.66608,-0.15243,0
-0.62903,0.63135,-0.83037,0.2828,-1.4369,0.032657,1.5297,0.44724,0.15169,-0.4501,0
0.15217,-0.42731,-2.3043,-0.93872,-2.1386,0.40689,1.8668,2.2461,-1.1451,-0.57212,0
0.66411,-0.018842,0.088174,1.7333,-0.13275,0.13221,1.0676,0.46952,-0.22518,-0.39762,0
1.0665,-0.19733,-0.58941,0.33383,-1.6031,-1.6453,-0.075401,-0.72053,-1.0161,-0.06126,0
1.2754,-0.98148,-0.7457,-0.69359,-1.2798,0.27757,-0.27313,0.56596,1.1517,3.2018,0
0.14393,-0.45248,1.113,0.17681,-2.1025,-1.4772,-0.065856,0.40152,0.72876,-0.63026,0
0.42789,-1.4693,-0.16696,0.12655,-1.1969,0.012688,-1.205,0.41448,-0.97215,0.19965,0
-0.097919,-1.8244,0.42602,0.82418,-0.45962,0.19259,0.27062,0.77989,0.34311,-0.46425,0
-0.13267,-0.67824,-0.86959,1.1347,-0.095189,-1.5011,-0.54327,0.91787,-0.0084358,0.69197,0
1.1156,-0.3878,0.55181,-0.099594,-0.16704,-0.071099,0.3335,-0.526,0.35736,-0.12242,0
-0.48546,1.8802,0.062926,2.0762,-0.080864,-0.07475,1.9577,-1.046,0.51512,-0.42849,0
-1.1183,0.89642,-1.431,-1.0967,0.056051,-1.7859,0.72376,1.4441,-0.71573,0.9867,0
-1.295,0.79371,-1.2482,-0.44598,-1.1896,0.62104,-2.472,-1.689,-0.37358,0.40285,0
1.2787,1.2211,-0.12394,-0.20217,0.20584,-0.2129,2.0263,1.0052,0.24991,-0.2858,0
-0.036343,1.2111,-0.74862,1.3618,0.28081,0.32804,0.74067,2.7516,-0.37272,0.84443,0
-1.2347,-1.9006,0.10095,0.12649,-1.4358,-0.098391,-1.8068,-0.29592,-0.96682,-1.0181,0
1.0141,0.97561,-0.22705,-0.14499,0.17722,0.9124,0.9985,-0.6197,-0.082593,-1.234,0
0.73588,-0.6006,0.42178,-0.11981,0.42836,1.7535,-1.3747,-1.0531,-0.4156,-0.48369,0
-1.2779,-2.633,-0.22637,0.97296,0.72356,1.5572,-0.5306,-1.7307,0.48199,-1.0028,0
0.4049,0.097879,-0.092583,1.1495,1.8097,-0.97773,1.1224,-0.031992,1.5843,-0.83156,0
-0.29436,-0.89116,0.4468,0.097565,-0.50347,-0.79267,0.17624,-0.75099,-0.82607,-0.66139,0
1.0483,-1.4668,0.19019,0.12429,-1.7673,-0.73205,-1.4315,0.36861,-0.12557,-1.1037,0
-1.0328,2.7052,-0.36866,0.6887,0.89052,-1.6598,-0.54396,0.52732,0.037676,0.32573,0
0.7804,0.74957,0.35487,1.828,-0.25421,0.13153,0.29543,1.4829,0.96003,1.6196,0
-1.5134,0.040714,0.66455,-0.57897,0.36327,-1.676,0.35092,0.21942,-2.1668,0.34544,0
-0.78002,-1.011,0.4814,-0.072403,-0.10561,0.87187,0.75936,0.32217,-0.50595,1.0101,0
-0.86299,-0.4221,-0.82347,-0.69269,-0.3106,-0.21886,-0.32618,-0.42656,0.21809,-0.40247,0
-1.0864,-0.44717,-1.1904,-0.714,-1.3584,-1.1153,-0.08469,-0.79612,0.24488,1.5984,0
-0.43086,-0.70979,-0.37142,0.87049,0.62198,1.2459,0.95141,-0.54971,-1.0381,-1.1313,0
0.42438,-0.18542,-0.68025,-1.239,0.37765,0.81334,0.15891,0.91876,-2.3196,-0.48435,0
-0.89889,-1.9382,-1.0959,1.5705,-0.5945,0.00076653,-0.95713,1.3286,1.5426,1.4108,0
1.1128,-0.30707,0.1733,0.088546,1.8159,0.34907,1.4369,2.281,-0.93451,0.89986,0
-0.032194,1.7371,0.029991,1.1176,-0.60548,-0.027643,1.0468,1.4377,1.171,-0.79196,0
1.6056,0.9689,0.76184,2.0977,0.4201,0.38152,-0.23624,-0.11153,2.2346,1.2069,0
0.26406,-1.0672,-0.1306,0.96614,0.64704,-1.3292,-0.88025,-1.297,0.92113,-0.39195,0
0.82758,1.3554,0.48137,0.15376,0.27927,-0.93118,-0.42874,0.7749,0.16487,0.51436,0
-0.33722,-0.21651,0.94925,0.9175,0.92865,1.7717,0.39667,-0.5669,0.77643,-0.3707,0
0.29241,1.815,1.3512,-1.2605,0.90909,0.22289,0.07823,-1.0504,1.2819,0.097376,0
0.30954,0.84806,1.2862,-0.4274,1.2515,0.42735,-0.38206,-1.5139,-0.37043,2.6238,0
-1.6036,-0.77841,-0.75593,1.4501,1.2632,-0.11528,-0.15462,1.0155,2.0254,-1.1518,0
0.83109,-0.0094853,-0.13615,0.68134,-0.71787,-1.3459,1.1414,-1.7402,0.39887,0.26553,0
0.97706,0.70656,-0.7832,0.33607,-0.7614,-0.95437,1.5243,-0.0033328,0.54003,0.39306,0
0.13778,-0.17467,-0.17211,0.23659,0.01453,-0.27748,-1.2848,-1.4768,-0.15455,0.16757,0
0.11363,1.0873,0.012515,-0.60983,0.81088,0.71723,1.5253,-1.6265,0.31227,-0.85925,0
-0.14241,0.11751,0.854,1.3196,-0.4519,0.51412,0.1449,-1.2659,0.024423,0.21843,0
-0.79546,1.0403,0.82581,-0.79736,-0.73171,-0.28286,0.84342,-0.95593,-0.10049,-0.31414,0
-0.80024,0.029663,-0.57449,-1.2884,-2.1152,-0.017066,1.39,-1.2514,-0.69748,-0.23267,0
-0.18089,-0.99261,-0.58765,-0.10399,-0.888,-0.9258,1.0591,0.79531,-0.23282,2.3314,0
0.32853,0.68806,-0.48191,-0.7444,-0.94908,-0.50967,-0.75116,-0.067591,0.15989,-0.0326,0
0.11662,-0.24148,-2.0841,0.31878,-1.0759,-0.57175,0.16739,-0.47433,-0.74741,0.36517,0
0.84861,1.4782,0.4223,0.37951,-0.14343,0.31851,0.0091178,-0.81801,0.072473,0.79567,0
-0.084431,0.015058,-1.0634,0.66712,1.5822,-1.3552,-1.0843,-0.57198,-0.13707,-0.86129,0
-0.31128,0.85827,0.656,1.2595,-0.46243,0.047495,0.7223,1.1804,-0.04755,-0.97057,0
-1.0738,-0.25404,-1.5125,-0.062825,-0.208,-1.1042,1.5353,-0.0012536,-0.93395,0.36597,0
0.050043,-0.65784,-0.36114,0.20775,0.80416,0.27885,-0.73624,-0.096983,1.604,-1.4262,0
1.0197,-0.97197,-1.8758,1.6255,-0.93896,-0.24467,0.47666,-0.52862,-1.6115,1.1445,0
0.32875,-0.97326,-0.54177,0.8965,-0.13117,1.8982,0.93293,1.0341,-0.49215,-0.30054,0
0.22268,-0.20687,0.1017,-0.58589,-0.29207,-0.87733,-0.10195,-1.32,-0.51941,-0.056177,0
-0.70351,1.2611,0.90766,-2.1685,-0.58063,-1.1976,1.3295,-0.93444,0.63364,1.7884,0
0.22992,0.29604,1.3109,-0.21717,0.081545,0.17231,-1.0219,-0.56656,-1.2071,-1.0129,0
-0.051104,0.61399,-1.1435,-1.9444,1.2427,0.923,-0.020667,0.51718,0.49453,0.65026,0
0.67107,1.6228,0.77707,1.3402,0.10082,-1.5132,-0.90412,-0.62048,1.5267,0.42334,0
0.8792,0.02987,0.51153,1.3937,-0.99377,1.4308,0.66541,-0.78929,-2.0698,1.544,0
-2.6514,-1.3939,-1.1235,-0.13784,-1.0753,-0.56768,0.030849,-0.60079,-0.15971,-1.0831,0
-1.2212,1.4329,-0.39096,-0.02749,0.66217,2.082,-0.16087,-0.83218,0.39819,-0.44076,0
0.36378,-1.3618,-1.205,-0.82723,0.069381,1.1714,-1.4574,-1.9038,-0.98102,-1.852,0
0.15671,-1.779,-0.079735,-0.033372,1.8083,-1.8338,0.24655,-0.68853,1.3446,1.3217,0
0.9031,1.3705,0.48957,0.79012,1.5502,-0.85173,-0.48392,-1.6828,0.84761,-0.16928,0
-1.4453,-2.7587,0.0010162,-1.0863,-0.71814,0.1339,-1.8607,-1.1354,0.056464,0.27993,0
0.5202,0.89354,0.6551,-0.71718,-1.4291,-0.73496,0.50453,2.1313,0.47935,-0.22973,0
0.19806,-1.9526,0.45474,0.98783,1.6952,0.0052166,-1.2928,-2.6926,1.0122,0.60556,0
-1.188,-1.2297,-0.21393,-0.69303,-0.80508,-0.073035,1.3142,-0.091171,0.88579,-0.31306,0
0.08483,-0.69303,0.99993,-0.94211,0.69151,-0.62483,1.3728,-0.21116,0.084984,-2.0087,0
1.746,-1.4134,1.3581,1.4925,-0.65921,-0.65509,2.1598,-0.13716,0.15974,0.22304,0
1.5066,0.27813,-1.4075,-1.3132,-0.85193,-0.081378,-0.35171,-0.05817,-1.1302,0.18247,0
-1.2423,0.11411,-0.59912,-1.1889,-0.52469,-0.36786,0.598,-0.43198,0.082615,0.59246,0
0.38753,2.0329,-0.54108,-0.73831,-0.97982,-0.74206,1.1918,-1.1203,0.78326,0.47736,0
-0.37488,-1.9823,0.97957,0.6687,1.9227,0.55715,-0.5266,-0.21098,-0.013986,2.512,0
-1.2367,1.388,0.655,-1.0034,-0.96868,1.9236,-1.3112,-0.83846,-0.57259,1.2122,0
0.56087,-1.0232,1.2897,-0.16151,1.8488,0.073574,-1.5601,-0.35458,0.41521,-0.44771,0
-0.2033,-0.78917,0.55687,-1.689,-0.64386,0.36634,-1.1321,-0.1986,0.031416,-0.8834,0
-0.18375,-0.45483,-0.38821,-0.07936,0.90048,0.64965,-0.63239,-1.2004,0.15594,-0.58552,0
0.47838,0.84708,-1.0192,0.092419,1.2569,0.95719,1.27,0.46184,-0.9575,0.77932,0
-1.8969,0.23097,-0.99007,-1.349,-1.5621,1.7964,0.32741,1.7817,1.2842,0.70093,0
-0.44074,0.29365,1.6459,0.94014,0.43857,1.6252,-0.13578,1.57,-0.21725,1.6333,0
1.5601,1.7158,0.61509,-0.41759,-0.29907,-1.0574,-0.68669,-0.42734,0.095178,1.3569,0
2.8907,-0.14554,0.50895,-0.087986,-1.0273,1.0849,-0.26269,-0.79332,0.95001,-0.57982,0
-1.1833,-0.55336,-1.5929,1.4023,-1.1366,-0.69672,0.96034,-0.80122,0.65418,0.80412,0
-0.75789,0.37349,-0.76561,0.075997,-1.4039,-0.15286,0.85477,-2.4715,-2.1172,0.58835,0
-0.82674,-0.25811,-0.65127,-0.54792,0.9382,1.4266,0.75298,0.47631,-1.4622,-0.87534,0
0.56766,0.81777,-1.2422,-2.3099,-0.096251,0.97791,-0.14985,-1.4256,0.27338,-0.9094,0
-1.0238,-0.42737,-0.64796,-0.29368,-0.1589,0.46049,0.36718,0.79434,0.26571,0.33177,0
-0.87373,2.1495,-1.3597,0.16546,0.73094,0.24816,1.4577,0.35176,1.9785,0.062703,0
-0.30481,1.0377,-2.1621,-1.1115,0.76786,-0.42675,0.073422,0.83246,-1.5424,-1.3795,0
1.095,-0.10876,-0.10284,0.27587,0.32201,-0.21656,1.6292,1.1716,-2.3033,1.8418,0
0.11739,0.081632,-0.47266,-0.67504,0.059926,-0.054205,-0.043919,-2.247,0.72896,-1.1239,0
0.6282,-1.0802,0.78589,2.3886,1.0689,-1.3157,2.1953,0.39986,1.5171,-0.36832,0
-1.2814,-0.67633,0.3478,0.86218,0.47721,0.38266,1.5846,0.75631,-0.99155,1.0833,0
0.84289,0.9693,0.039415,0.04794,-0.82034,-0.088881,-0.79395,-0.59134,0.64409,0.45474,0
-0.27417,-0.81558,-1.1829,-0.50496,1.0653,0.53053,-0.038482,0.83066,0.074954,-1.1827,0
-0.2231,0.10167,0.28603,0.55118,1.8365,-1.462,-1.0862,-0.34075,1.8293,1.5317,0
0.45005,-1.1503,-2.1193,-0.90471,0.82553,-1.4598,-0.12433,-0.88214,-0.32875,0.16948,0
0.95483,-0.60611,0.29884,1.9831,-0.56456,-0.073371,-0.038173,0.060692,-0.085696,2.2183,0
-1.3449,0.0091154,-0.2657,0.44589,0.51204,1.228,-0.19615,0.06637,0.039852,0.36357,0
-0.27508,1.7294,-1.539,-0.55521,-0.39836,-0.86287,0.54707,0.71352,-0.7726,1.9158,0
0.085516,-0.74599,-0.41131,1.2383,0.34289,-1.8171,-1.5164,0.50195,1.3787,-1.585,0
0.82418,0.52751,0.66558,-0.21357,-1.4873,0.62322,1.5186,1.604,1.458,1.6152,0
-1.5865,-0.072878,1.3429,0.42742,-1.7653,0.1006,-0.20092,-1.2546,0.08982,0.57539,0
-0.083474,0.34887,0.47807,0.66946,0.30827,-0.75419,0.067811,1.7856,-0.18007,0.73121,0
2.708,0.63618,-1.3093,0.13631,1.8336,1.2185,0.75968,0.9009,-1.8877,-0.53752,0
0.59074,-0.30065,0.97509,0.45827,-0.51933,-0.076212,1.6292,2.1491,0.78863,2.2358,0
-1.0877,-1.069,-1.9259,-0.99387,0.41593,0.77211,-0.26103,0.14783,0.03338,-1.5207,0
-1.6316,-0.9448,-0.67958,0.42534,-0.16594,0.18518,0.92865,0.91848,0.9051,0.67798,0
-0.70363,2.1279,0.41136,-0.69049,0.17494,0.21503,-1.6256,-0.049122,-0.81049,-1.4139,0
-0.33901,-0.60087,-0.65762,-0.033111,0.88155,0.65758,-0.14057,0.67183,-0.35162,-0.67889,0
-0.62849,0.46231,1.0967,-1.1141,1.2737,0.41587,-0.2624,-1.3269,-0.2655,0.1975,0
0.30617,-1.0107,0.0071667,-1.4345,1.2548,1.2341,0.94238,-0.66314,1.1299,1.6672,0
0.12457,0.67894,-0.46165,1.7626,-0.4241,-0.6761,1.5539,-0.35977,0.8992,0.30461,0
0.60861,-0.89798,-0.41533,0.020459,0.42743,-0.80124,-0.25033,-2.1964,2.2649,0.57282,0
-1.7831,-1.0471,0.66096,1.7019,-1.5145,-0.0099435,-1.2178,0.11723,-0.1143,-0.46367,0
-0.2425,-1.4184,1.0105,-0.20042,1.6101,0.44768,-1.2505,0.1936,0.056546,1.0592,0
0.047086,-0.058325,-1.717,-0.8494,-0.87911,-0.14186,0.82084,-0.15686,0.74013,0.35701,0
-0.27377,1.3832,-0.15461,0.23536,0.68507,-0.055776,0.20198,-0.0079793,-1.6763,-0.71142,0
1.0632,-0.6224,-0.75461,1.9826,-1.3246,0.062586,2.334,0.35254,-0.80298,-1.0584,0
-1.612,-0.78941,-0.63623,-0.55127,-1.9572,-1.9953,-1.6695,-1.1305,0.74934,-0.2713,0
-2.3673,0.44694,0.01374,0.65624,-0.60376,0.18134,0.92715,-1.0551,1.6771,-0.20922,0
-2.149,-0.82084,-0.13832,-1.5135,-0.35243,0.38019,-1.1002,-0.66032,-0.57989,1.602,0
0.94616,0.032383,0.96785,-1.2358,0.33278,0.17465,-0.79742,0.31246,-1.2236,-0.20843,0
-1.0442,0.60524,0.84177,0.35036,1.3396,0.0081591,-0.20682,1.2591,1.1839,0.30679,0
0.73931,-0.9749,-0.91161,-0.48774,-1.3002,-1.8757,-1.4178,-0.090878,1.5001,-0.1541,0
-0.076596,-0.40728,0.44946,-0.83808,-1.4978,0.50315,1.1356,-0.18157,0.33892,-1.2531,0
1.6055,-0.6251,0.34195,0.93109,0.87734,-0.4069,-0.30282,0.5329,0.056752,-0.45996,0
-0.45302,1.4456,0.44454,-0.53701,-0.31819,-0.54752,1.1185,-0.20925,0.038243,-0.40665,0
0.21822,1.8523,-0.1462,-0.60744,0.73293,0.78011,0.73056,0.032701,-0.46467,-0.80665,0
-2.5627,0.20052,-1.5302,0.27623,0.045191,-1.3065,-0.67688,0.3352,0.61198,0.62853,0
-0.68343,0.88338,-0.12348,0.43152,1.9081,-0.058744,0.55908,-0.14301,0.48628,1.8777,0
1.0472,-0.50406,-0.071777,0.040243,-0.082348,-1.0667,-0.90732,-0.98514,-0.27381,-0.87224,0
0.32639,-0.59127,-1.3048,0.36597,0.038459,0.67783,-0.60468,-0.75729,-0.6919,0.80544,0
-0.43824,-0.10082,-1.1484,0.49884,-0.76141,-1.0295,-0.82409,0.36408,-0.71911,-0.31943,0
-0.16573,-0.02116,-1.3689,0.05035,-3.3433,0.20688,-0.29605,0.59445,-0.85597,1.273,0
-1.3515,-1.2806,-0.50669,-0.44071,-1.0301,0.53604,2.4811,1.213,-0.71783,-0.64048,0
0.49206,0.61542,-0.17464,-0.26457,0.28416,-0.58203,-0.96594,1.6168,0.65771,-1.8603,0
-0.15143,-1.0959,0.18159,1.7479,-1.416,0.51558,-0.71046,-0.21369,0.85537,-1.3824,0
-0.5317,-0.96388,-0.26666,1.2365,-0.90846,-1.4313,-0.6923,-1.1804,0.20018,1.9902,0
0.4823,0.50753,-1.6425,-0.95811,-2.3153,0.89357,-0.93764,-0.98572,-0.58236,1.2846,0
-1.2776,1.1959,1.306,0.85028,-0.42944,1.139,-0.23212,1.185,1.2269,0.14682,0
1.4851,-0.26685,-0.72298,1.0946,1.1775,1.2608,-0.96259,-0.61183,-0.41328,-0.79904,0
-0.24237,0.064763,-0.65414,-2.477,-0.79404,-1.4064,-0.90385,-1.2578,-0.67993,-0.83509,0
0.19219,0.75519,-0.090453,0.90561,-0.53018,1.7437,0.6499,0.080076,-0.13083,0.36082,0
-1.1549,-0.86487,-1.5318,-1.0673,-2.3785,-1.5624,-2.0642,-0.50406,-0.89654,-0.60218,0
1.1127,-0.62551,0.57691,-1.6488,0.98866,0.2649,-1.1434,-1.6112,0.19905,-2.447,0
0.36948,-0.17837,-2.1238,-1.5639,-0.18301,-1.2859,-2.3899,-1.1249,-0.54671,-1.1349,0
-0.071573,-0.31957,1.2418,-0.94488,0.071888,-0.6676,1.2137,1.1066,0.59587,-0.71523,0
-0.308,-0.19479,0.32832,0.40737,0.59269,-0.27476,0.57855,-0.44557,-1.7192,1.4449,0
-0.95645,-0.57749,0.22446,1.5743,-0.13863,-0.94975,-0.015218,-0.83155,-0.23106,-0.34883,0
-0.96391,0.22049,0.59591,1.2396,0.98243,0.080164,-0.79272,0.26976,0.28251,0.18267,0
0.43203,1.2337,-1.8247,-0.79975,-0.33744,0.9386,1.015,-0.22254,0.22383,0.41817,0
0.28501,0.2214,0.69663,1.9231,2.1474,-0.78954,-1.4219,1.2252,2.6735,0.31208,0
0.002567,-1.99,-1.7189,-0.98583,-1.682,0.68167,-0.051779,-0.29769,-0.19554,-0.2187,0
0.22463,-1.0528,-0.42879,1.0054,1.7377,-0.45682,1.2166,0.48016,0.06378,0.2687,0
2.2833,-0.43405,-0.49103,-0.052503,-1.2123,-0.65155,-0.88181,0.054406,-0.90954,-0.1456,0
-0.41142,0.74256,-0.61937,-0.43353,0.70215,0.137,1.9979,0.14326,-1.3378,-0.71377,0
1.1007,0.43891,1.6768,0.71685,-0.33078,-1.3936,1.7431,0.50522,0.19742,-0.56278,0
0.46428,-0.21261,0.35419,-0.12349,-0.29381,0.13441,-0.73036,1.3,-0.87583,-0.099803,0
-0.72957,-0.34562,-0.49994,-0.10392,0.16044,2.1918,-0.048186,-0.58465,-0.51462,-0.37901,0
0.35208,1.2261,1.6995,-1.1432,-0.818,-0.25057,1.11,0.086052,0.38211,1.5589,0
1.098,-1.4036,-0.47357,1.0927,0.24933,1.4183,-0.050563,-0.37465,0.69222,2.0216,0
0.20038,0.69649,-0.7191,-0.99065,0.10453,-0.12166,0.13329,-1.699,-1.0907,-0.058991,0
-0.17562,1.7891,1.5365,-0.48744,0.17758,0.72863,0.13545,-0.5757,-0.20366,-0.32061,0
-0.52661,0.25108,-0.96622,-0.48081,-0.067732,-0.47996,-2.6536,-0.61626,0.5254,-0.43411,0
-0.12259,-0.74221,-1.346,-0.0016869,1.743,-0.799,-0.76883,1.0759,-0.20003,0.026918,0
-2.204,0.43381,0.48714,-0.3096,0.27993,-0.50953,-0.62526,1.2736,1.1602,0.92694,0
1.1513,0.9199,0.98596,1.6384,0.33545,-1.1894,1.4275,0.73867,0.53048,-0.68538,0
1.2663,1.2469,1.6346,-0.88807,0.26723,-0.51813,-1.0843,-0.26962,0.75159,2.0035,0
0.58052,-1.3765,-2.1472,-1.5777,0.2173,-0.44225,-0.22879,0.5952,-0.99246,-1.9362,0
-0.18689,0.87537,-0.82757,0.24821,-1.8332,-0.89063,0.8431,0.70693,-0.36053,0.19744,0
0.97597,0.48587,1.8074,0.83231,-1.018,0.99602,1.7008,-0.2787,-0.30691,-0.26878,0
0.70893,-0.94303,1.0682,-1.1825,-0.57584,-0.18979,-3.3297,1.3886,-0.90558,-0.060094,0
1.8154,1.556,0.35008,-0.3699,0.22903,-0.93685,0.53601,-0.90443,-0.33412,-0.39986,0
-0.73454,-0.36446,-0.35609,-0.17443,-0.51406,0.40797,0.53428,-1.1938,-1.211,-0.22747,0
-0.33528,1.2045,-0.35116,-2.0234,-0.21933,-0.39448,0.92957,0.16641,-0.29889,1.5693,0
-0.14705,-0.55214,-0.53958,-1.3808,0.20688,-0.64613,-1.7673,-0.89749,-0.83845,0.31726,0
-2.0702,-0.39765,0.28869,0.33266,0.95509,2.2197,1.8745,0.47339,0.34038,-0.53441,0
-0.45629,0.36543,0.60321,-1.1854,-0.0041245,-0.59595,0.29519,0.13976,0.2579,0.48164,0
0.56322,0.50404,2.8139,-0.47777,0.68646,-0.87846,-0.096062,0.12098,-0.54229,2.1819,0
-1.0816,0.90212,-0.19187,0.17274,-1.115,1.1565,0.52424,-0.23784,-0.23627,1.1569,0
0.261,-0.14388,0.68262,0.40266,-0.7799,-0.52894,1.5646,2.227,0.86189,1.2948,0
1.829,0.58608,0.98299,-0.6252,0.48254,1.9416,-1.2967,-1.8103,-2.4828,-1.1303,0
-1.4887,-1.899,-0.38308,1.6916,-1.7748,0.69347,-0.96316,-2.2874,-1.1803,0.4428,0
-0.42204,0.30786,0.52762,-0.24124,-0.30522,0.77879,-1.0403,-1.1319,-0.33139,0.060875,0
0.50235,-0.66169,-0.97431,-1.0648,1.0102,0.86212,1.3533,-0.6298,-1.3559,0.3253,0
-0.52315,-0.66228,-1.4841,-0.76073,0.52866,-0.19027,1.2372,0.75542,-1.2387,-0.082912,0
0.47146,-0.091979,0.063281,0.89944,0.57859,-0.80187,-1.3255,1.8478,2.2992,0.11001,0
-0.28853,0.86372,-1.3625,-2.5668,0.83027,1.1621,2.4571,-0.66087,1.5544,1.5604,0
-1.5522,-0.64342,0.97006,0.5344,0.91368,-0.29954,0.59643,0.75692,0.072137,0.59461,0
-0.44187,-1.4471,-0.013869,0.072839,-1.0626,0.2229,-0.16792,1.2366,-0.19532,0.30685,0
-1.2651,0.4413,1.8954,-0.01489,-0.65943,-0.4356,-1.9385,1.9639,-0.38358,1.0147,0
-1.5203,-0.95649,0.34965,1.1492,0.4139,-0.21807,-1.4125,-1.4772,-0.090484,2.113,0
-2.019,-0.83438,-0.1481,1.0775,-0.66179,0.16525,-0.47213,-0.18345,0.40888,0.36081,0
0.11327,1.0328,1.4694,1.1024,-2.4939,1.5724,-0.90463,-0.0013898,-1.4879,-0.11896,0
2.5853,-0.25444,1.33,-1.0138,0.27084,-0.85568,1.1898,-0.62171,-0.85321,-1.5192,0
-0.80792,0.56404,0.89593,-1.6297,1.3111,0.68099,-0.66184,-0.42661,1.5791,-2.5684,0
-0.089723,-0.88794,-0.14063,-0.52112,-1.6925,-0.33734,0.079509,-1.0412,-1.556,-0.51005,0
-0.8681,-1.8709,-0.48335,-2.0811,-0.31858,-1.293,-1.2617,0.1438,1.2756,-1.2767,0
-0.18502,-0.63055,-0.75371,1.3925,-0.75083,-0.030398,-0.62157,0.51196,0.18261,0.42289,0
0.32198,-1.5677,0.98293,0.51445,0.21545,-0.3076,-0.69535,0.71223,-1.0955,1.5579,0
0.19472,0.36048,2.1338,-0.33204,0.61576,0.84843,-0.84072,2.2329,1.144,-0.55526,0
0.91647,-0.42918,0.099009,-0.86417,1.1537,0.83673,2.4655,-0.064691,-0.69526,0.018472,0
0.54147,-0.97387,-1.0923,0.41228,-0.73342,1.0069,0.97021,-1.26,0.20372,2,0
0.23602,-1.5368,0.04667,-0.51524,-0.69583,1.367,-1.5632,1.2727,1.0113,-1.7045,0
-0.37853,0.53969,-0.27016,2.2361,1.1744,0.56671,1.2113,-1.6725,0.60164,-0.49414,0
-1.0586,0.83123,0.90153,-0.40099,-0.36554,-0.23436,0.68031,0.66193,-0.85544,-0.33819,0
-0.90434,0.19117,-0.6874,0.77275,-0.44745,0.60115,-0.60541,-1.2939,-0.69067,0.052729,0
0.60711,-0.89701,0.22332,-1.0887,1.095,-0.055065,-0.39103,0.64334,0.37322,1.049,0
-0.8569,0.17891,-0.14964,1.3856,-1.5693,0.15633,1.3546,-0.79391,-0.41882,-0.030031,0
0.84024,-0.086164,-0.95564,0.22692,-0.79597,-0.9019,-0.90659,-0.65249,-1.3942,-0.051934,0
1.2796,0.081047,-0.41623,0.55633,0.49637,-1.916,0.13104,0.95768,-0.34149,0.74564,0
0.97996,0.37163,1.3663,-0.798,1.2389,1.0387,-0.4021,-0.3746,-1.2099,-1.213,0
-1.462,-0.099272,-0.30312,0.31918,2.489,-0.32473,0.876,-0.092236,1.5434,0.16736,0
-0.56109,-1.0416,0.78442,1.4276,0.088482,-0.34513,0.49574,0.68237,0.095762,-1.5673,0
0.49372,-0.064747,-1.3553,-0.35,-0.48728,0.087733,0.49294,0.13636,-0.82672,1.1109,0
-0.43707,-1.1992,0.29553,-0.399,0.60387,-1.1218,0.23894,-0.11974,-0.85367,-0.061939,0
-0.51917,0.73544,-0.57414,-0.674,-2.1294,0.77069,-1.2037,-1.8193,0.37366,-0.33241,0
0.62937,-0.49328,0.73904,0.30973,-0.67006,-1.3507,-0.4128,0.3612,0.61927,-0.15859,0
-0.70054,0.058201,0.76608,1.2427,-1.0874,0.18625,-0.58232,0.47406,0.35942,1.0957,0
1.0024,-0.71465,0.66578,-0.93631,1.4071,0.14392,0.46819,0.87325,-0.20806,0.93599,0
-1.4522,0.34906,-0.12718,-3.588,-0.7961,-1.2091,-0.74285,-1.5117,-1.2313,-1.9794,0
-0.046142,0.6139,0.45292,0.020588,0.55222,-1.0858,1.3812,-0.12661,0.0022431,0.54318,0
1.1702,0.97238,0.58581,-0.24713,-0.44207,-0.48175,-0.82687,0.51399,-0.77059,2.2847,0
-0.37262,-1.4127,0.3204,1.0301,-2.0497,-0.11201,0.28281,-0.36137,0.62554,1.263,0
0.96107,0.40026,0.038509,1.014,-1.4195,-0.090694,-0.13459,-1.8184,2.4304,0.65117,0
0.59995,0.65574,-1.3457,2.6188,-0.62052,-0.89279,-0.068744,0.83168,1.1803,0.59274,0
-0.31796,-0.35447,0.5698,0.16065,-0.036094,-1.0665,1.7205,0.52085,0.068656,0.51292,0
-0.35255,-0.78757,-0.79555,-1.102,-0.54477,0.77317,-0.54464,-1.5379,-0.61716,-0.46756,0
0.67825,1.2063,0.27929,0.29909,-0.54141,0.45812,0.72298,-0.51223,0.49337,1.9304,0
0.74008,0.081836,0.54318,0.36517,1.8361,1.3811,-0.095414,0.3563,-1.6692,0.8227,0
0.67653,0.40901,-0.023838,0.083764,-2.0232,-0.34776,-0.7587,-0.32318,-0.47815,1.1826,0
-0.020795,-0.048216,-0.3717,0.47644,0.23259,1.4285,1.7848,-0.56917,0.55648,0.55286,0
-0.94079,-1.3742,-0.43807,0.72606,0.18718,-1.2846,-0.13455,0.32371,-0.080392,0.22624,0
1.4612,0.048006,-0.26344,0.56171,0.16153,1.0567,-0.57369,0.50548,0.12198,1.1615,0
-0.8619,-0.45853,-0.56377,-0.091507,1.4141,-1.2217,-0.57941,1.3161,-2.3241,-1.0406,0
0.65505,0.4886,1.135,-0.19807,-0.84307,-0.021584,-1.499,0.56995,0.92309,-1.6578,0
-0.44236,0.80205,0.55257,-1.6937,-0.5357,0.21591,0.59307,-0.15459,0.18504,0.66962,0
0.79692,-1.8927,2.0369,0.10763,-1.003,0.034427,-0.11624,0.52735,0.49327,1.2016,0
-1.3463,0.14348,1.2899,0.91316,-0.71244,-0.71342,0.35322,0.7082,0.55161,-0.080183,0
0.41523,-0.91113,0.22474,0.15676,-0.50581,0.58623,0.050612,-0.16791,0.41646,0.030352,0
-1.6247,0.061245,-1.1369,0.96965,-1.2657,0.18565,-2.4644,0.45592,0.036165,-0.34349,0
-0.30572,-2.1717,-0.77707,-1.0068,-0.35062,0.68936,-0.42545,0.57273,0.32485,-1.1185,0
0.13935,-0.035206,2.0739,0.27165,1.3782,0.59235,-0.81473,-0.37902,1.3474,1.0842,0
0.92756,0.039236,0.29928,-0.71638,-0.47025,-0.35617,-0.3175,-1.7427,-0.68476,0.95685,0
-0.55114,0.099252,-0.24084,0.57479,-0.70313,-0.12628,-0.74376,-2.2443,-1.2172,-1.3992,0
-0.7998,0.90608,-0.17386,-0.42684,0.47429,0.39939,0.70503,0.65758,-1.1099,-0.21735,0
-0.030176,-0.49936,-1.4896,-0.0095324,-0.8958,-0.25314,0.059455,0.83453,0.58182,0.030971,0
0.13192,0.63347,-0.21656,-1.2798,0.84838,-0.023766,0.13607,-1.2896,-0.58859,-0.82916,0
1.1484,-0.23452,1.4937,1.197,-1.1983,0.98526,0.35498,0.14408,-0.70606,0.29374,0
-0.017392,-0.73831,2.0826,0.16619,0.44518,-0.49067,-0.091805,0.72545,-0.52112,0.16871,0
-0.98619,-0.76128,-1.4032,0.52954,-0.37256,-0.2683,-1.1266,-0.62104,0.74516,-0.33299,0
1.1816,0.33592,-0.99612,-0.048963,-0.27965,0.44651,-1.9813,-0.63776,-0.64713,-0.051951,0
-0.10929,0.02923,-0.71262,-1.3997,-0.33808,-1.8095,-0.80716,-0.98638,0.14179,0.79406,0
1.9151,-2.3314,0.48266,0.14095,1.6613,-0.13614,-0.61458,0.60001,-1.2326,-2.448,0
0.10747,-0.95825,0.55877,-0.67792,-0.90421,-0.066273,-1.7832,1.047,0.88737,-1.4358,0
0.65023,-0.18969,0.89126,1.1316,-0.54377,0.21166,-0.62746,-0.1823,0.30665,1.6411,0
-2.024,-0.51165,-1.9818,-0.70607,-1.7086,-1.8382,-0.82057,-2.1083,-1.0669,-0.68249,0
-0.009037,0.84977,0.46953,-0.08289,0.71984,-0.014806,1.311,-1.2659,0.3155,0.6369,0
-0.68352,-0.12278,1.6197,1.039,2.1851,0.039187,-0.03493,0.35544,0.015179,1.0908,0
-0.98158,-0.89961,1.2081,-1.43,-1.6429,-2.0195,0.39532,-1.0177,1.2522,0.74777,0
0.23022,-0.91986,1.1074,-1.4452,0.85005,-0.68133,-0.61694,0.89168,0.19517,0.56568,0
-0.20341,0.6858,0.74908,0.99048,0.73182,0.9798,0.33326,2.2767,0.4724,1.8961,0
1.3083,-0.48028,-0.49721,0.033485,-0.019525,-1.0176,-2.0187,-0.15486,-0.56713,-1.6781,0
-1.4659,0.96479,-0.36446,1.981,1.3106,0.30079,-0.26692,0.96151,-0.051326,1.9036,0
-0.77524,-2.342,-1.1839,-0.33684,0.33161,-1.0434,-2.1638,-0.13733,0.44835,-0.41067,0
0.77436,0.25225,0.87148,1.6299,0.65477,-0.024835,-1.1946,-0.65207,-0.59047,-0.18605,0
1.3048,-0.25794,-0.55701,-0.91935,0.79761,-0.19974,-0.11795,-0.3523,1.4886,-1.9118,0
0.30164,-0.39841,0.13688,0.74703,1.8778,1.1002,-0.035479,1.1361,1.0447,-0.27257,0
-0.29777,-0.20344,-0.56841,-0.40944,-0.24173,0.85983,-1.7714,-0.080714,0.2936,0.8122,0
-0.27081,0.24121,1.6217,-1.4595,-0.60163,0.30676,-1.0037,0.41547,0.43075,0.23681,0
-0.76122,0.7011,-0.10055,-0.96168,0.23996,-1.4644,-0.71521,0.29945,-1.4851,-1.3749,0
-0.78706,-1.2795,1.1734,-0.9394,1.4765,0.094047,1.2458,0.51462,-0.2852,-0.65031,0
1.3086,-0.03386,0.79469,0.037543,-1.107,0.035148,0.79355,1.0386,0.58343,1.2701,0
-0.33343,2.1388,-0.42357,0.16148,0.98501,-0.49172,-0.20939,0.054291,0.51662,-0.054541,0
0.78232,-0.072495,-0.20271,1.0038,0.081369,-1.4974,0.32098,0.6197,0.72858,0.74808,0
1.1233,-0.60937,-0.58688,-2.1296,-0.39401,-1.9628,1.7429,-1.2292,0.21999,-0.56127,0
0.71658,-0.075313,0.416,0.91016,-0.80088,-1.6312,-0.74756,0.87828,0.98351,-0.14792,0
1.5786,0.038287,0.76025,0.91817,1.3757,0.42363,-0.31198,1.6648,1.4755,0.36098,0
-0.8906,-1.2077,0.91644,-1.7093,-0.65432,-0.36142,-0.61984,-2.4587,0.28327,-1.1439,0
1.586,-1.6482,0.34001,-0.69952,-0.035864,0.35163,-1.3688,-1.2444,-0.57391,0.6229,0
-0.54816,1.2832,1.427,1.5795,-0.33797,-0.98487,0.95452,0.19788,0.15024,0.66846,0
-1.6206,0.073399,-2.5447,-0.5627,-0.79961,-1.5134,-1.2342,0.7764,-1.8555,-2.6048,0
0.14318,0.52768,-1.3761,0.87091,-0.12202,0.38595,-0.020984,0.59936,0.80956,-0.33405,0
1.1399,-1.2542,0.19513,0.36546,0.86587,0.39816,-1.4147,-1.0101,0.50877,0.34128,0
-1.5715,-0.84262,-2.5097,-0.014172,-0.96326,-1.1877,1.0261,-0.74881,0.52673,-1.5595,0
0.25827,0.25894,1.1011,-0.76703,-0.67902,0.95075,-1.2823,-0.48353,-0.017594,1.0362,0
-0.42771,2.1232,0.36076,1.8177,0.002061,1.1825,1.1113,0.46639,-0.71017,0.78736,0
-0.30901,0.30073,0.046661,-0.58365,0.82681,0.98119,0.75821,0.91921,-0.57052,0.042712,0
0.23868,0.98626,1.642,-0.95542,0.47466,0.44664,-0.0096211,0.2688,1.2879,1.4175,0
0.52425,-1.9247,-0.29198,0.47222,-0.54772,1.2402,-0.69839,-0.41352,-0.23279,-0.50004,0
-1.0017,-0.8647,1.6721,1.2691,0.29907,-2.2386,-0.071482,-0.57881,-1.3727,-0.79482,0
-1.2277,0.54365,1.3287,0.56815,-1.1394,0.63396,1.9295,0.018907,1.137,0.31803,0
-0.17144,-0.66964,-0.12936,0.24609,1.2934,0.24155,-1.381,0.97953,-0.902,1.3168,0
0.19659,0.14296,-1.0534,0.69659,-0.64448,1.31,-1.7022,0.94101,1.2037,-1.2185,0
-0.38423,0.3919,2.5455,-1.1187,0.48815,-0.24283,0.49378,0.65172,-0.18953,0.036801,0
-1.2717,-1.1229,0.37256,0.73208,-1.8622,0.44155,-1.2987,0.43139,-1.7163,-1.4132,0
0.045527,1.4527,-0.49965,-1.0553,-0.46214,0.026699,1.2428,-0.21945,-1.0122,-0.93653,0
0.37867,-0.28551,0.0021734,0.453,0.52672,-0.43615,0.72524,0.35924,-0.20933,1.1578,0
-0.53451,-0.59632,-1.5312,1.0108,-0.79822,-1.2794,-1.464,-0.18415,0.65631,0.26007,0
-0.2544,0.63208,-0.65056,0.69708,1.0296,-0.71057,-1.5652,-0.25188,-1.0876,-2.119,0
-2.4928,0.86943,0.18074,-0.67132,1.6211,0.18216,-0.33367,-0.19738,-0.42767,-0.52534,0
0.0027617,0.79548,-0.44641,-1.0223,-1.5727,1.0691,-1.1162,-0.061898,-1.4864,-0.36096,0
-0.061171,-1.796,1.0226,-0.32119,0.083799,-0.44694,-0.40446,1.6737,-0.53495,0.35822,0
0.43174,-0.88901,0.23449,0.86592,0.90009,-0.9046,-0.44748,1.3199,-0.61829,-2.1142,0
-0.047697,-1.7389,-1.5347,0.043672,0.017483,-1.156,0.28661,0.25567,1.1244,0.71216,0
-1.381,-0.11861,1.594,-0.91396,0.53242,0.361,0.12924,-0.94142,1.288,-1.2774,0
-0.85835,0.96272,-0.12333,-1.0344,0.026316,1.5561,0.95525,-0.16427,1.2338,-1.179,0
-1.2901,-0.20279,1.2405,1.8696,-0.14164,1.0758,-1.418,0.61548,-0.79271,0.96426,0
-0.56456,-1.5794,0.89684,0.25855,0.29795,-1.1639,1.209,0.73045,0.25411,-0.46677,0
-0.7009,-0.7391,-0.91022,-1.504,-0.23535,0.061176,1.3765,0.40314,0.033574,-0.19861,0
1.2079,1.1869,-0.61679,-0.53472,-0.71639,-0.44407,-0.6802,1.3239,-1.9056,-1.4564,0
0.11252,2.0988,0.70324,1.2778,1.4485,-0.99933,-2.7244,-1.2498,-0.18743,0.028201,0
0.73982,-0.42525,-0.080133,1.8173,-0.9213,0.50006,0.82721,1.8455,0.4827,0.090609,0
-1.3419,-0.35074,-0.040822,0.52678,0.69043,-2.6509,-0.42998,-0.3157,-0.44541,-0.50585,0
2.0151,-1.9185,0.78877,1.2001,-1.1099,-1.0651,1.2993,-0.82997,0.27077,-1.0489,0
2.4367,1.7559,1.3763,0.18547,2.2385,-0.39907,1.3472,-1.458,1.3848,1.643,1
0.45611,-0.081455,0.99759,1.7819,1.5889,2.3822,1.6769,0.59371,1.6146,0.14517,1
1.0962,2.2168,2.3116,1.3605,-0.57798,1.4775,1.1114,1.6454,3.1387,0.56861,1
-0.091018,-0.52239,0.2555,0.092366,-0.10706,-0.8227,1.753,-1.4036,1.5271,-0.1872,1
1.7691,0.30931,0.38276,0.45043,1.0196,0.94526,0.95487,1.3425,1.0429,1.4979,1
2.3284,2.2507,2.8982,1.2422,-0.8812,1.4828,0.18426,1.9343,2.6768,0.12854,1
3.3072,2.3679,1.9803,1.4009,1.2352,0.71043,1.1292,1.8582,0.79288,1.1815,1
-0.61818,0.94888,1.6476,0.33511,1.0337,0.1605,1.8069,1.3495,0.37442,0.59101,1
-0.38028,0.43864,2.3877,-0.046497,1.9394,2.6071,1.8028,-0.74555,2.4445,0.17553,1
0.64651,0.91445,2.2325,3.0021,-0.44507,2.0974,2.3053,0.98434,0.49652,2.2871,1
0.56593,-0.90171,0.58556,2.2327,0.22066,1.78,1.2788,1.2863,-0.50646,2.8153,1
0.83193,0.82527,1.1963,1.4872,2.0814,1.0873,-1.164,1.9969,0.48374,0.16445,1
1.8689,0.50669,2.0768,1.6671,0.50614,2.105,0.6988,-0.43212,1.4377,1.693,1
1.0072,0.89791,0.99497,0.95728,2.9299,2.8528,2.7101,0.47485,1.1163,1.7826,1
1.4943,-0.011119,0.65149,-0.12337,0.09387,0.25598,0.98234,-0.93473,1.4319,-0.63576,1
0.099261,1.0676,0.86885,1.2137,-0.36385,0.92645,0.98789,-0.78789,0.090853,0.10871,1
1.2065,0.48954,0.062759,1.1135,0.68933,0.31999,0.16225,2.8485,1.3735,1.0286,1
0.58006,2.1059,1.3293,-0.24681,1.1668,3.1751,1.5725,0.1668,1.3232,1.331,1
0.83439,1.8959,0.37809,0.68413,2.4914,2.3938,1.798,0.5492,2.1773,0.194,1
1.2625,-0.34001,-1.6234,0.2519,1.3408,-0.79569,-0.20215,0.048878,1.696,1.9815,1
-0.48706,2.2164,-0.1107,0.67306,0.5301,2.3085,0.53376,1.7496,1.9569,1.3504,1
0.99135,1.3196,0.47828,1.0056,1.3306,0.18191,1.4876,1.5093,-0.57597,0.51808,1
0.5877,1.725,1.188,2.4018,0.92842,0.49061,1.1526,-0.26583,1.8385,0.06234,1
0.25898,1.027,-0.92329,1.2207,1.6551,1.3743,1.0806,-0.9267,0.023452,0.95583,1
2.7618,0.46189,2.3652,1.1274,0.74005,1.4803,1.7608,1.1014,0.25424,2.7166,1
0.56864,-1.6824,1.9676,1.0822,-0.81914,0.20684,-0.58435,-0.15875,0.66628,0.92737,1
-0.08038,0.43642,-0.32029,2.5838,1.2614,4.38,0.2158,0.37122,1.8184,1.4649,1
0.12753,-2.0423,0.34787,0.00056401,-0.4104,-0.79818,1.0064,2.2107,1.3731,1.0334,1
1.2108,-0.42825,2.1032,0.93085,-0.39554,1.2952,0.67981,-1.2097,-0.8196,0.13115,1
0.47483,1.4721,1.4253,1.5171,0.65774,1.592,-0.067271,2.3016,0.34903,1.7895,1
0.50818,1.7932,0.47701,1.8069,0.24824,-0.061476,2.2663,2.7997,0.80211,1.0131,1
2.2147,1.4469,1.9238,1.7046,1.5005,0.97886,1.5285,0.85912,0.31916,1.5698,1
-1.7945,1.1569,0.67078,1.3515,0.76619,1.8542,-0.27166,1.39,-0.24581,1.1772,1
1.1759,0.45508,1.2739,0.55975,3.332,-0.042135,0.32891,2.2656,0.79071,-0.71123,1
-0.10536,1.8622,1.2742,0.33145,0.59168,1.5852,0.92329,0.58267,1.7533,0.74947,1
0.37474,1.0433,-0.12009,0.20152,0.76325,0.27418,0.21629,1.0998,2.5582,2.097,1
0.50486,-0.016299,1.1197,-0.18561,2.7617,1.9123,0.97647,0.27944,-0.25146,-0.011581,1
1.9752,1.5592,1.3921,-0.46911,1.5118,0.40428,1.5789,1.9994,1.4536,0.38691,1
0.47329,-1.0622,0.56984,3.3041,0.41968,0.68331,2.7315,2.6375,0.12517,2.777,1
2.1635,1.8534,2.7776,1.6726,-0.09424,1.5754,1.6561,0.94246,0.59576,0.67666,1
0.21182,0.71832,-1.4617,0.16445,1.1437,-0.42224,1.3839,0.24348,0.77569,0.14293,1
2.5563,2.1485,1.0281,-0.034577,1.7359,1.1451,2.9825,0.5745,0.76897,1.3252,1
1.6843,0.81254,-0.11018,2.396,0.96598,0.74376,1.6069,-0.046021,2.5818,0.36442,1
1.4389,2.8268,1.9376,3.8905,0.5114,1.9338,1.1768,1.467,2.0816,1.2385,1
2.5504,0.368,0.5219,0.70439,0.28797,2.2926,0.4301,-1.3536,1.2327,-0.23479,1
-0.3655,1.2398,0.20877,-1.5149,-0.68713,0.44135,0.91682,-0.21726,-0.25747,0.21986,1
0.39265,1.8225,0.74234,3.0498,1.3811,1.7251,0.43984,-0.69125,0.49324,1.6561,1
2.3182,1.7901,0.51132,1.1939,1.6463,-0.55366,0.66695,0.84471,0.54533,0.1096,1
1.1747,1.3018,1.2916,0.43843,0.72399,-0.13949,2.2841,0.32746,0.89228,1.6219,1
1.9321,1.4763,-0.22591,0.13224,1.3657,2.1994,1.6117,0.64894,1.1074,0.89506,1
0.98446,1.4777,-1.4667,0.82099,1.1461,2.1279,2.1045,1.6285,2.621,1.6236,1
1.9487,1.7652,2.4381,1.4734,0.97601,-0.64359,1.949,0.69392,3.7247,0.83957,1
-0.14347,1.8493,1.1752,0.49981,0.05028,2.3179,-0.81424,1.1458,1.0077,0.1759,1
1.2608,0.56543,-1.5327,0.73532,0.23722,0.4751,1.0855,-0.25549,2.2477,-0.50569,1
1.7421,2.6147,0.43171,0.79667,2.33,0.15122,1.0403,-0.93036,0.51456,0.6093,1
0.64821,0.99911,1.191,0.5548,-1.0052,-0.24131,1.1326,2.7662,-0.67221,1.049,1
0.54969,1.4218,1.7238,0.29343,0.41093,1.3875,-0.29281,-0.32213,1.0636,2.5328,1
2.4238,1.2038,1.1107,1.3247,1.0379,1.0004,1.1455,0.40275,1.1133,1.2935,1
0.58352,0.050252,0.48025,2.2658,1.3869,0.52856,-0.12677,1.3282,0.41472,0.45974,1
2.4181,2.7814,1.2107,0.22591,0.70667,1.8662,2.6013,2.1537,0.27955,1.395,1
2.015,-1.3172,0.013949,-0.37391,1.1561,0.96423,-1.3811,3.1126,1.0638,-0.071936,1
1.8323,1.2442,1.8746,0.6588,0.91945,1.5932,1.6834,1.698,-0.12195,-0.039041,1
1.5851,3.3832,1.2722,1.164,1.843,0.79519,2.9439,0.1332,0.99759,0.058832,1
3.04,1.3034,2.9034,0.74551,0.27399,3.8311,-0.16384,1.7362,2.0776,0.70574,1
2.4566,3.0816,1.188,0.94136,0.19497,0.64437,0.59046,2.1043,1.2542,0.16963,1
0.38581,0.67371,0.38495,0.94605,1.9614,1.7633,1.3609,2.451,0.82244,-0.46008,1
0.034046,0.72735,0.026415,-0.35375,0.011854,-0.38461,1.4242,-0.26995,-1.5162,-0.51925,1
1.3661,2.8562,1.5149,2.439,1.5622,1.7614,0.65584,1.1723,-0.3579,2.2737,1
0.82481,-0.65826,0.91423,1.4776,2.1156,1.671,1.1304,2.5574,0.27484,0.63416,1
1.9443,0.1644,1.4444,2.6756,0.53359,1.3696,0.98269,3.161,2.3958,1.1383,1
-0.43686,0.91361,0.4863,1.7682,-0.11138,-0.36363,1.2596,1.9399,2.2741,-0.095993,1
1.1355,0.47739,1.6578,1.1487,2.7908,2.3361,0.88118,0.7393,-0.01224,-0.76025,1
1.3479,1.319,-0.050341,0.45225,0.98836,-0.66479,1.9226,0.55617,0.13834,1.3262,1
1.8516,1.6971,0.84248,-1.1327,0.50283,2.0639,1.9,2.5356,0.84713,1.0417,1
0.50452,1.4385,-0.047359,1.8359,2.2467,0.17661,1.5815,1.4283,-1.3859,1.3118,1
1.2129,1.2238,1.7027,2.6593,2.2116,1.3229,1.0862,0.0166,0.16942,2.904,1
1.6158,0.11431,1.2688,1.3613,-0.32299,-1.1368,-0.55882,-0.60608,0.71169,1.8638,1
1.556,0.041173,1.492,1.3988,1.3491,1.9265,0.36135,1.9033,2.1245,1.1389,1
1.5456,1.4365,1.4959,3.0056,0.99294,1.0248,-0.18855,1.34,0.22323,2.3897,1
0.95481,-0.20041,0.63631,0.7607,0.38531,-0.32997,0.61134,-0.018978,0.98987,0.6435,1
1.6105,-0.046802,0.34685,0.31306,1.0875,0.10073,1.7919,0.082889,1.2885,0.27978,1
1.7552,0.57455,1.6009,0.58464,1.7603,1.668,0.91395,0.79252,1.7186,1.2952,1
0.467,1.8761,0.96118,-0.3049,0.8636,0.97803,1.1578,-0.49043,2.6782,0.78488,1
0.99465,0.71556,1.5743,1.4858,0.92389,2.0104,-0.6114,1.0762,0.74566,0.044714,1
1.6448,0.72222,2.1048,-2.2098,0.52246,0.70078,1.3678,1.1264,1.0534,2.0665,1
1.3344,2.6146,1.6325,0.42749,1.2132,-0.27716,0.65642,-0.40502,0.71801,1.7371,1
1.7504,1.786,1.797,1.2745,-0.73432,2.3453,1.6401,0.55829,2.7461,2.4032,1
0.48999,1.5748,0.28909,-0.19568,0.87879,1.0714,0.043384,0.69514,0.6781,0.078155,1
0.54845,0.44221,1.482,-0.25379,1.356,2.9014,0.81358,1.1747,1.1031,1.0978,1
0.65811,1.1228,1.1045,1.5686,0.76836,0.88813,1.18,1.5388,-0.43918,3.0487,1
3.1244,0.32635,1.2134,1.4995,1.3217,1.1684,1.3055,1.1054,1.6665,0.74899,1
2.3589,1.0402,3.074,1.2715,2.3365,0.60769,1.8414,3.1789,0.73775,0.88462,1
-0.29651,2.5504,1.0596,1.0398,0.69927,2.4621,2.2868,1.4093,4.1461,-0.11299,1
1.2328,1.2317,0.61157,0.50581,0.037207,-0.0083534,0.97029,-0.58454,1.1795,0.4044,1
0.062562,0.97166,1.7184,0.94123,1.8392,1.7225,2.1146,0.97513,1.5412,2.0573,1
-0.28253,1.659,-0.022698,0.55936,0.1484,2.0066,1.1806,-0.080874,2.1246,3.9436,1
2.8167,2.9049,-0.030535,0.34615,2.0175,0.84802,0.94871,-0.37186,1.3497,0.41576,1
-0.78233,1.2303,0.63122,2.3291,0.11069,2.1664,0.43994,0.90167,0.92829,0.67327,1
1.0796,1.4589,4.0347,1.8465,1.972,1.5142,2.1325,1.7425,2.8896,1.6575,1
-1.3718,0.99381,-1.1165,0.74915,0.71455,2.3112,1.122,1.1264,1.3912,0.95902,1
1.0585,0.43098,1.6044,1.624,1.5518,-0.023925,1.2695,1.9004,0.37947,1.4169,1
0.24449,0.74603,2.6815,3.4033,2.2995,1.3735,1.7426,1.1815,0.12187,1.699,1
1.5138,1.5348,1.4047,1.8554,3.6892,0.91203,1.285,1.6302,1.8402,1.5764,1
0.52175,1.4036,0.70248,1.2756,0.26907,-0.27888,2.3019,1.9691,0.35338,2.29,1
1.5692,0.59812,0.00681,0.13034,-0.7668,1.8472,2.3699,1.585,1.7778,0.00069373,1
1.3509,1.7212,1.048,0.82348,0.42634,2.5674,0.96075,1.5906,0.55881,0.87996,1
1.4207,2.5911,0.76894,1.9002,0.97798,-0.62787,1.3158,2.6302,1.1311,1.4959,1
2.4132,-0.60757,-1.1651,2.8336,-0.34855,0.15397,1.1828,0.9001,1.7353,2.0504,1
2.1031,2.2041,0.30297,-0.037653,-0.6906,-0.19374,2.2824,0.28792,1.5374,-0.1077,1
0.024315,0.075745,-0.33602,1.3994,1.5959,2.8072,1.456,0.1978,-1.4445,1.4481,1
0.95516,0.775,0.56844,0.20188,1.6088,2.7011,0.92901,1.415,2.0876,-0.46486,1
1.8447,1.218,1.1828,1.5899,0.3387,0.044101,1.3039,-0.29958,-0.25247,1.2069,1
1.9891,1.0037,0.0066555,1.2403,-0.37983,0.44025,-1.1452,2.1385,1.3741,1.7575,1
0.054221,-0.83783,0.264,-0.83242,1.1375,-0.43451,0.05741,1.2986,-1.1787,-1.409,1
0.96199,0.35823,0.87109,2.2886,2.551,2.2306,1.1721,0.14359,1.7012,0.68916,1
2.5519,0.80858,1.7564,1.46,2.2172,1.7545,2.41,0.37356,0.10811,1.8068,1
2.4844,2.3664,2.3097,1.7144,1.2403,2.4185,0.63446,1.4722,2.7573,2.7956,1
-0.51446,-0.48306,2.4976,0.65084,4.2104,1.3089,1.2785,1.8316,1.4239,0.57694,1
-1.3935,2.1058,0.97559,1.5892,0.87436,2.1682,1.9291,-0.25062,1.4691,1.9354,1
0.43876,1.8715,1.6702,0.41681,1.9564,1.1337,0.8924,0.25021,1.1048,0.1203,1
2.0069,-0.92858,0.2037,-0.16993,1.5918,-0.45707,0.3582,0.16287,0.1583,1.2622,1
-0.18535,0.85691,2.0697,2.6508,1.4708,1.6477,0.77821,-0.83652,0.63371,1.1889,1
0.9833,2.0236,2.5164,-0.53235,1.071,-0.66911,1.6879,2.1217,0.76568,-0.25485,1
3.778,1.1838,3.1507,0.91662,0.89006,3.592,0.44181,0.056103,1.1812,0.83069,1
1.1278,-0.18219,1.2876,0.84235,0.27686,0.41799,2.9189,2.6125,-0.11188,0.82444,1
1.8051,1.398,1.4385,3.1269,1.6626,0.56143,3.9607,0.95812,0.70046,0.42628,1
0.1259,-0.32395,0.69487,0.18302,2.577,0.95956,2.309,-1.1724,0.36947,0.73627,1
0.23488,2.486,0.14641,1.2473,0.52985,0.92372,-0.13527,1.5199,0.33988,3.3333,1
0.45626,0.92523,1.2863,1.8334,0.20095,1.4585,2.5821,0.42726,-0.50459,-0.27993,1
0.81098,0.72775,0.45191,-0.90437,1.4734,1.0089,1.6387,1.3369,1.2265,-0.25247,1
2.2824,1.5451,0.80224,1.4829,1.7379,2.7642,0.26094,1.2573,3.0415,2.5878,1
1.1888,1.3433,2.4593,-0.28653,1.0832,0.15767,2.466,0.088046,1.4329,-0.57499,1
1.0431,2.188,2.1604,2.7612,3.5075,2.8904,1.0828,3.5107,1.4438,0.63952,1
0.71773,0.92098,1.8537,1.1458,-0.90828,1.3295,1.9288,0.69526,2.2642,-0.80919,1
-0.09593,-0.090794,2.4218,1.5151,1.0012,0.20533,0.78395,-0.50458,1.216,1.4255,1
1.7489,0.14146,0.058782,0.44235,0.07816,0.015417,3.3007,2.9442,0.73045,0.99096,1
-0.25769,0.16629,1.1096,-0.28808,0.80725,-0.83309,1.0079,0.63171,-0.42762,0.77472,1
2.3045,1.8424,1.1051,0.8701,0.19299,0.97788,-0.28363,1.1102,1.5718,0.12126,1
2.4196,2.211,0.8471,3.8925,0.16087,1.3248,1.2926,1.263,1.0594,1.0391,1
-1.218,0.87066,-1.491,0.58741,1.7796,0.59965,0.27198,-0.69287,0.52258,1.5109,1
1.6015,0.50695,2.6685,3.173,1.9682,1.6219,1.566,2.7483,1.5581,0.8304,1
2.546,1.4804,1.0702,1.4166,1.3272,2.1485,2.4681,0.80275,1.2753,2.9601,1
0.69232,0.93993,0.72114,1.2427,1.7681,0.65638,0.48309,3.2821,2.1537,0.013104,1
-0.87217,0.43601,1.3432,1.817,-0.80045,1.5548,1.1666,2.9424,-0.72476,0.49908,1
0.38549,-0.51445,0.69244,0.76603,0.11074,0.66819,0.96496,0.66796,-0.87127,1.0041,1
0.26318,0.91041,0.68645,0.60516,1.9089,-0.23571,0.36633,0.46627,1.2156,2.6112,1
0.38368,0.49769,0.19197,0.75253,2.6274,1.7739,1.3003,0.50514,0.11111,0.78465,1
2.6182,2.426,1.5567,2.4841,1.5751,2.6268,0.068591,1.6528,2.4755,1.9103,1
-1.3826,1.6842,1.3456,1.0247,0.10408,0.77706,0.75993,0.0013044,1.3118,0.57327,1
1.1444,2.1838,1.784,0.81137,1.0516,1.6504,0.19789,1.5767,0.50666,1.2706,1
0.92835,-1.0643,1.3971,0.18802,2.7433,1.3599,0.21706,1.8579,-0.45748,0.61766,1
0.68069,1.1039,1.2615,0.574,2.874,1.25,0.13783,-0.7229,0.26749,1.0839,1
-0.64766,0.295,1.7587,0.63091,1.6172,2.0214,0.5829,1.3487,1.9353,2.1826,1
0.90129,-0.015549,1.8017,0.72328,2.8857,1.353,1.7966,1.9747,1.4255,2.6776,1
2.7467,1.6045,1.7605,0.82602,0.88317,2.162,1.2151,-0.037636,1.1083,-0.17709,1
1.4103,-0.032294,2.9068,-0.088209,1.1789,-0.029712,1.5177,1.2917,1.6605,0.84755,1
0.64274,-0.32677,-0.22704,1.2464,0.66881,0.53019,1.3973,0.307,0.45925,-0.60515,1
2.736,1.4379,0.67738,2.2752,2.5249,0.40763,1.24,0.013462,1.972,2.4246,1
1.3056,0.92936,0.78232,0.02662,2.6961,1.0391,1.0246,0.97787,2.4803,1.0241,1
1.4165,0.47555,0.78273,0.29649,-1.2137,2.3163,1.032,0.69517,1.5457,0.4481,1
0.33058,1.6596,1.256,0.65634,0.76286,3.2398,0.67966,1.1621,1.2482,0.57775,1
0.90451,1.3595,0.84418,1.1122,1.9261,1.5796,0.53754,-0.51944,0.87565,1.7949,1
1.7512,2.2415,2.3593,1.2216,0.90854,2.6916,2.2974,0.92828,2.1616,0.92549,1
1.8539,1.8107,1.2332,0.28138,0.58186,0.89525,1.4591,2.344,0.97307,2.3426,1
0.1404,1.1882,0.28295,-0.18358,1.6149,-0.27444,-0.65694,0.49497,0.25746,0.86314,1
0.3868,0.12266,-0.57139,1.2384,1.2444,1.11,0.9526,0.53333,1.6095,1.0331,1
0.97129,1.5794,1.6558,1.8703,1.5998,2.1343,1.9596,1.363,0.19354,1.8676,1
1.5104,1.0745,0.57942,0.40928,0.56382,1.6162,0.31516,0.069371,-0.31765,-0.0094813,1
0.73014,0.64751,2.4975,1.1114,1.1314,2.3512,0.9805,2.5273,0.6024,-0.039304,1
-0.0056136,2.4225,1.0421,0.1422,0.84923,1.383,1.2384,0.60958,-0.35282,-0.54184,1
2.12,1.6694,0.76785,1.0602,2.3056,0.70707,-0.57893,0.27095,0.77541,1.2062,1
0.61873,-0.98455,3.0278,-1.0572,-0.0097185,0.76329,0.80204,1.3032,1.1482,1.6994,1
0.1281,1.1492,-0.22294,-1.1201,0.38173,2.1612,2.5952,2.0841,0.66024,0.77658,1
0.44658,-0.13994,1.5456,2.008,1.8356,-0.2279,1.8087,-0.3198,2.7491,0.86206,1
0.40217,1.0284,1.2134,1.0534,0.53243,1.6977,1.9406,2.4067,1.6178,1.9334,1
1.4014,2.622,1.9169,-0.79899,0.49868,0.049727,2.9152,0.84899,-0.012001,1.1904,1
3.3208,-0.71918,1.0325,1.1794,2.069,0.20944,-0.78378,1.4554,0.5356,0.84962,1
0.83444,-0.088876,0.87154,0.81534,0.2027,1.9703,0.34299,0.12856,1.3429,1.4589,1
1.0234,2.0232,0.97934,0.41246,0.22666,0.60953,2.6694,0.82606,1.5951,2.6511,1
0.54644,1.8095,0.78755,2.1837,0.11366,1.0086,0.06524,1.3802,1.2976,1.2799,1
0.73237,1.6871,0.42866,0.041809,0.97302,2.0835,-0.60684,0.0019569,1.0236,2.5932,1
0.9853,1.1158,2.5456,1.9234,0.39896,0.87541,0.38137,0.93634,3.1457,1.3614,1
1.5539,1.5018,2.1803,0.6966,0.90174,0.15785,0.48888,0.052147,1.428,2.467,1
0.54696,0.54214,2.6808,0.71541,-0.4565,0.39285,1.0611,2.1738,-0.2868,2.9751,1
1.6958,1.4187,2.4662,0.94858,1.6189,1.7301,2.4761,2.1955,0.34878,1.8706,1
-0.3772,-0.64651,-0.085364,0.54797,0.2075,-0.0058075,-0.14503,1.4301,-0.38993,0.56814,1
1.741,0.47663,2.8559,0.65795,0.46589,1.1746,-0.15842,0.58732,2.066,-0.35303,1
0.34607,0.49109,2.2098,0.17236,1.4059,1.8587,-0.23964,1.3774,1.3424,0.69857,1
0.013861,-0.15335,0.44243,0.34956,2.2206,0.59078,2.3605,0.39235,0.70591,0.62592,1
0.17747,1.8238,1.727,1.5597,0.92436,1.3623,1.0906,1.9375,0.48476,1.346,1
0.14092,1.0544,-0.36552,-0.075589,2.1966,-0.69667,0.5259,1.9521,1.2195,2.1991,1
1.9848,4.2064,1.4869,1.2878,1.3264,2.5971,0.87178,1.5728,2.0069,1.0157,1
0.58504,0.72721,1.4567,-0.65424,1.5083,2.3349,2.036,1.4798,-0.40252,1.4177,1
1.6786,1.1883,0.30943,0.70109,-0.67388,0.10162,0.5408,1.2045,0.075367,1.718,1
2.5703,-0.90474,0.70541,-0.6355,2.1673,1.4988,0.96615,-0.028413,1.3227,1.4487,1
0.24263,0.62182,0.43694,1.07,-0.63545,1.5437,-1.3411,1.8763,2.1037,2.0667,1
2.0634,2.5993,0.013786,0.55246,1.1355,1.0958,1.8194,0.43589,1.7644,1.87,1
0.58394,0.86641,0.9015,1.4824,0.24007,0.51518,1.7635,0.56349,2.1184,1.3181,1
1.0463,0.1038,-0.14792,0.17413,-0.21078,2.1442,0.91187,1.2502,0.37584,0.9238,1
-0.15546,0.49011,-0.35693,0.8102,0.38142,0.7063,2.1846,1.0215,0.82485,1.8298,1
1.8495,1.0548,0.12816,0.66537,1.2868,0.69262,1.8922,1.5235,1.932,2.3214,1
0.65199,2.5934,2.4961,0.93952,-0.87707,0.44862,1.2291,0.6875,0.42851,0.2883,1
0.42011,1.371,0.9686,-0.32736,0.65134,1.5426,2.7149,0.17497,0.31188,1.1257,1
2.1274,-0.19145,0.24962,0.21637,1.6152,0.78077,2.197,1.2609,1.0456,1.7801,1
0.97218,1.1744,1.4881,0.57955,1.6443,2.6313,1.5725,1.2968,1.6252,0.23569,1
0.60718,1.1497,0.99808,1.0132,1.3754,2.6393,0.77445,-0.3545,2.3853,1.0652,1
0.12476,1.6858,0.52921,1.1128,1.5308,0.05658,0.60229,-0.61564,0.67388,-0.29703,1
3.2009,0.39526,0.56468,1.5367,0.35898,0.88024,1.8067,0.2706,1.6603,-1.162,1
0.81333,2.9836,1.3951,1.2187,0.87914,0.8199,0.65947,0.19408,0.51904,1.6844,1
0.95252,1.0232,0.84837,1.4719,0.5032,0.62297,1.806,2.949,0.86529,-0.058233,1
-0.15979,-0.10799,0.58134,0.3415,-0.07477,-1.032,0.87163,0.39302,1.2771,-0.051905,1
0.081341,0.79569,-0.29724,2.9728,0.24916,0.59908,3.5174,1.6185,0.99176,2.5298,1
0.95476,1.1543,1.2531,1.5334,1.0972,1.5705,0.25732,2.5252,0.29231,0.49556,1
-0.091441,-0.93883,1.9035,0.73134,3.272,1.8311,1.2981,2.191,3.0943,1.6433,1
1.2448,1.7059,0.54118,1.9272,-0.37034,1.42,1.5224,3.6517,1.4145,1.352,1
1.1356,0.064017,-0.11751,0.2455,0.46519,0.25133,1.4056,2.715,-0.4874,0.74345,1
0.35583,0.8774,2.1555,-0.24227,0.96548,0.057434,1.162,1.6178,0.47043,1.6275,1
2.871,2.0826,1.6076,1.5662,1.6015,0.44372,0.85121,1.9718,2.1923,1.7993,1
1.3073,1.3463,1.2471,2.9403,2.1224,2.8591,0.50086,2.8494,1.9445,2.2978,1
3.5546,1.5333,2.8047,2.0067,2.0032,1.2636,1.2348,2.2993,-0.16131,1.695,1
1.4916,3.089,1.4341,1.9299,2.1926,0.89004,3.0796,0.90632,2.5528,1.5995,1
-0.13138,1.88,0.075735,2.7408,0.94815,0.13024,-0.27582,0.39979,-0.25125,0.70901,1
-0.25624,0.6218,1.286,0.78608,1.0115,3.0457,-0.81139,2.0048,0.20685,0.9752,1
0.94102,0.067179,1.0122,2.2944,2.9875,1.4367,0.74013,1.0155,1.5331,1.4012,1
-0.13508,2.3429,0.9831,0.18249,1.0845,0.78779,1.542,-0.37123,-1.1262,0.3101,1
2.0106,1.1601,1.9873,1.2128,0.26673,2.3344,0.73839,1.4726,1.6425,1.2832,1
-1.0446,1.575,0.59686,-0.41288,0.86944,-0.0086496,-0.96705,0.69922,0.69917,0.80545,1
3.5418,-0.17582,0.64485,1.7526,0.31819,0.71613,0.040067,0.39409,0.93905,2.3263,1
0.68129,1.16,-0.49148,-1.4533,1.226,-0.060774,0.077322,2.3973,-1.3394,0.017178,1
-0.77971,0.00039225,-0.59305,0.79188,0.88867,0.66469,2.2421,1.8017,0.91526,1.8995,1
1.7496,-0.34405,-0.31088,0.32017,-0.0022179,2.782,1.6823,3.1418,1.8729,1.2413,1
-0.1541,-0.042845,-1.0166,0.90757,-0.34102,-0.15698,0.18131,0.21935,0.43553,0.45854,1
1.6675,1.1972,1.2838,1.8859,2.4727,0.21241,2.7012,2.2687,1.7598,0.13109,1
0.70831,0.096306,1.095,-0.90353,0.95505,1.1579,1.1003,0.55875,0.65085,0.39113,1
0.1989,1.4415,0.68444,3.1497,2.9455,1.157,0.94526,0.54931,0.41066,0.18959,1
1.4313,-0.81424,0.46523,-0.10196,-1.6922,-0.5901,-0.56396,-0.7134,0.81979,1.1419,1
0.83367,1.7111,1.5876,2.1243,0.69333,1.1418,1.7973,1.0196,2.4154,1.7765,1
1.1574,0.17044,0.82809,0.50815,0.60592,0.94748,2.4364,0.081285,0.20866,0.40654,1
2.0895,2.0042,1.2668,1.7571,1.1038,0.99102,0.4444,2.5561,1.169,1.9538,1
0.40014,0.75476,0.20731,-0.24377,0.04547,0.060049,2.1461,1.5081,1.8271,1.3445,1
-0.33068,1.1107,1.4133,1.4488,0.28674,-0.10521,-0.11709,0.54474,-0.21865,1.8011,1
0.70492,0.60657,0.47314,0.92902,2.6456,1.7228,0.96517,1.5581,0.91197,0.61455,1
0.316,1.8289,1.9305,0.95505,0.10832,0.31799,-0.45472,1.1838,2.5901,0.38571,1
0.28725,2.2734,1.4956,0.80031,1.0897,-0.072525,0.81713,-0.51332,-1.1358,-0.65251,1
0.27107,2.131,0.11797,1.7057,0.50288,-0.3937,0.81606,0.99875,1.0754,1.2571,1
0.4206,1.3723,0.47743,0.74774,0.68565,1.0546,-0.26166,2.819,0.32149,-0.26469,1
1.2873,0.29494,-0.16212,1.6213,0.051811,1.4308,1.3612,1.1519,1.7958,2.0024,1
0.77051,2.7072,1.057,0.51373,2.8528,1.2288,2.2892,-0.82816,1.1844,1.2816,1
2.5114,0.31246,2.6861,0.87631,2.465,2.363,0.45385,1.6028,2.9588,0.38491,1
1.7598,0.94377,-0.5931,2.2061,-0.10012,1.4731,-2.0082,1.7945,-0.022141,0.40731,1
0.59854,1.9986,3.247,-0.10546,2.2765,1.3257,-0.17567,2.0469,0.56012,1.4576,1
1.2184,2.5344,1.1571,1.121,1.5588,-0.88833,2.1385,0.93518,-0.95914,0.023026,1
0.93349,-2.53,-0.31991,1.2408,-0.44201,-0.57558,0.41955,2.7963,0.058811,0.48441,1
0.89643,-0.0076523,2.177,1.2703,1.3526,0.73763,0.44224,0.26667,1.4712,1.0799,1
1.4631,2.0744,0.68614,1.0437,0.72167,0.16889,0.70055,1.4443,0.70156,-0.14213,1
0.6398,0.78472,1.7048,1.5519,0.06992,0.80429,1.8967,1.4097,1.7682,1.8184,1
1.1142,1.6967,-0.10634,0.41506,2.4314,1.4874,1.6216,2.3634,0.60786,-0.61683,1
1.495,1.4159,1.3698,0.74465,-0.045581,0.24643,1.134,1.6281,0.69175,-1.102,1
2.0152,2.325,1.6347,1.0364,2.5666,1.8165,1.822,1.8587,0.54137,1.8719,1
0.45474,0.16981,2.5157,0.90942,1.1355,-0.2882,-0.40258,0.41783,1.2375,0.20343,1
-1.0955,2.048,1.8423,0.43962,2.2424,0.15073,1.2676,-1.0531,0.59567,0.76846,1
0.82652,1.7227,0.44647,0.1576,0.42064,-0.43753,-0.21513,1.4051,2.186,1.8496,1
1.1209,2.6701,0.064122,1.8589,0.65423,1.3002,1.1131,0.39518,1.8565,0.47054,1
0.33732,1.0181,0.08558,0.081214,0.45214,-1.2936,1.3852,0.59542,0.5865,0.4653,1
1.2418,2.6212,1.0224,2.6761,3.0886,-0.26695,2.809,0.94822,0.5519,0.12345,1
0.7887,1.9459,1.1407,-0.71875,3.2733,1.0348,-0.15874,2.0635,-0.90978,0.06816,1
1.0845,1.6579,2.0224,0.2387,1.6626,1.3185,-0.39658,1.1825,0.51498,1.3578,1
1.6401,0.048586,1.4526,-0.37253,1.6043,1.3423,0.35615,0.32889,0.16513,1.5485,1
1.3298,2.3483,1.0098,-0.050371,1.8541,0.23157,0.045858,1.4692,0.099554,0.39516,1
-0.1003,1.0404,-0.22015,0.42548,0.38359,2.1351,1.4458,-0.40926,2.7111,1.6791,1
0.83355,0.2802,1.344,2.4149,2.1499,-0.14939,1.222,0.93835,2.3431,0.50367,1
3.225,-0.19762,1.5185,-0.99758,1.9079,0.56463,0.32071,0.89341,2.4348,-0.50593,1
2.3345,0.99852,1.5179,0.19523,-0.1948,1.8294,2.0199,1.9041,1.3435,0.092089,1
0.74996,-0.24862,2.1852,0.32844,0.90573,0.27287,0.92754,0.40145,1.5717,2.5753,1
1.6529,1.2154,0.20575,1.9757,0.5436,0.35294,-0.011408,0.84477,0.35951,0.33609,1
1.4837,0.65835,-0.55417,1.2406,1.7849,1.2997,-0.90226,1.8154,-0.28067,-0.38589,1
1.0187,1.0894,1.4343,-0.12136,0.59,2.1527,1.895,2.5164,-0.72426,0.38323,1
-0.84714,1.8162,2.7555,1.2715,-0.41132,2.1853,1.5152,0.87758,2.4009,2.0953,1
1.9634,0.84305,0.86609,0.61373,0.20241,0.37241,1.3426,0.57628,0.86056,-1.2666,1
1.0871,1.7677,1.2977,1.8799,0.44913,1.8028,2.0701,0.72885,1.4464,1.2235,1
1.1695,2.2348,0.62797,1.215,0.80834,1.3943,1.8031,1.7296,0.68433,-0.42756,1
2.0161,1.5619,1.1821,2.1232,0.63533,2.1811,2.5576,0.80673,0.91782,1.2694,1
0.73121,1.5873,1.0601,1.6844,0.44163,-0.89908,0.9371,-0.19167,0.16253,1.7379,1
-0.8753,-1.1426,2.3008,1.0135,0.29609,2.0123,1.4378,-0.0068777,0.13408,-1.9752,1
2.0647,0.37236,0.029864,1.5859,0.41602,1.3452,1.3451,1.0626,1.6019,0.54966,1
2.0602,0.98555,2.2777,1.927,2.2593,1.4,0.77239,0.56175,1.0758,2.1814,1
1.4541,0.50051,2.0758,2.0071,1.4171,1.3747,2.8565,3.0295,1.0139,1.4994,1
-0.22055,0.39174,0.67295,0.94273,1.0403,-0.12908,0.038969,1.5534,0.60597,0.18109,1
1.8066,0.91371,-0.76857,2.9674,0.010833,1.9346,2.2734,0.65902,0.92038,0.59689,1
0.9831,1.0075,0.34138,0.72565,-0.3021,1.2349,0.25234,0.51652,0.6179,-1.426,1
3.123,1.6051,1.5105,1.8133,1.3576,0.27981,2.1541,2.8144,0.859,2.3908,1
-0.24304,1.518,1.2097,-0.44353,0.96663,0.34541,1.147,0.039748,1.532,-0.17654,1
-0.87487,1.6298,-0.13058,-0.1611,0.398,1.9677,1.6559,0.56205,1.7924,-0.41493,1
0.56441,2.0768,4.2479,0.87556,1.6964,1.1163,1.7121,1.5359,2.3607,1.5979,1
2.3317,-0.88641,1.295,1.3133,1.5754,1.5474,0.91653,-0.2597,0.22215,0.031595,1
1.9519,0.29708,0.7132,-0.29123,1.1252,-0.60784,-1.0834,-0.29187,0.78317,0.31476,1
0.25218,1.0302,2.3707,3.0632,1.2647,1.0264,1.8234,1.5356,1.8218,0.57974,1
0.65988,1.4258,1.0117,0.23673,1.7087,2.3435,1.7626,2.0394,0.10514,1.8931,1
-0.20859,1.9064,0.54376,0.74545,2.056,1.3942,0.84642,1.574,1.1008,-0.28519,1
1.8531,-0.49207,-1.2438,0.16328,-0.26644,2.6399,0.2966,1.2587,-1.3097,0.56388,1
1.7024,1.5124,0.85187,0.069789,2.3594,1.3684,3.128,1.1245,0.87855,0.58757,1
1.4739,2.9461,0.77234,0.20395,-0.92523,0.72785,1.1465,0.62315,0.61539,0.044533,1
-0.3264,-0.65785,0.73603,1.2679,2.4275,0.45289,0.40876,-1.1451,1.5647,1.0282,1
-0.69316,0.64935,1.5986,2.6262,-1.0481,2.5248,1.0483,1.1246,1.7429,0.95775,1
1.2652,2.174,1.1683,0.18402,2.3656,-0.036795,1.8687,1.4789,1.381,1.8592,1
0.65724,1.6001,1.1982,-0.89282,0.95612,1.4343,0.15767,2.0116,0.17726,0.28871,1
1.8664,-0.025387,-0.80743,0.1315,0.71086,1.1862,0.49145,2.0398,0.62512,1.7473,1
2.503,0.029732,-0.039177,-0.94841,-0.19531,1.7499,1.0263,0.34956,1.7039,1.2386,1
2.2193,1.4775,2.6689,0.68401,1.9275,0.85107,2.0992,1.672,1.4569,2.7608,1
0.19101,1.1702,3.0266,0.54317,1.4544,0.87254,0.47618,0.086901,0.33233,2.3743,1
0.92088,3.4104,0.50334,0.45761,-0.79992,1.8216,1.3246,1.8378,2.2174,2.0341,1
1.8903,1.7265,3.1382,1.2094,1.0014,0.13891,0.34404,-0.19666,2.091,0.8192,1
0.21644,1.4646,1.4109,2.0909,0.18307,-0.21963,2.1342,0.29525,1.2694,-0.77407,1
-0.00049844,1.9752,1.848,1.9927,1.6905,1.1183,2.9392,1.205,0.043231,0.85134,1
1.0341,0.97367,1.1191,-0.29211,1.4456,-0.12412,2.1296,-0.61405,-1.6899,1.228,1
0.77063,1.9458,1.5502,1.678,0.88401,1.039,0.46647,1.5855,1.6923,-0.18255,1
-0.0090572,1.8171,2.2919,0.36527,0.2409,0.9559,2.4769,0.07535,-0.28919,0.46202,1
0.46235,1.8993,0.9128,1.7919,1.5045,0.8556,1.0031,2.4269,1.4904,0.85261,1
-0.013592,2.1785,1.3794,-0.53935,2.1469,0.8845,-0.45421,0.44643,0.24639,0.56907,1
0.24168,2.2451,1.1742,1.6557,1.1581,1.7866,-0.047246,4.3437,0.41949,1.004,1
2.0619,1.181,-0.24678,-0.49289,-1.616,1.726,1.9081,1.5227,0.15119,0.81264,1
1.5124,1.0269,0.02159,1.5769,0.4736,1.9635,0.83408,2.433,2.5488,0.40632,1
0.92407,-0.17569,0.54878,-0.5135,1.8718,0.19758,1.8087,0.74697,1.2154,3.2755,1
0.6854,0.61623,0.57225,1.0562,1.063,0.80597,0.46555,1.2627,0.37921,0.75439,1
2.2404,1.7021,1.436,-0.59174,0.61912,0.85054,1.6092,1.4746,-0.55493,2.1022,1
1.146,2.8403,1.296,-0.50016,-0.18781,1.032,1.3652,1.5922,3.1895,-0.28043,1
0.57773,1.0877,1.8929,2.0925,1.1035,-0.024126,1.7272,0.75206,1.3198,1.4873,1
0.98728,1.0888,1.5296,2.7368,-0.58389,-1.2259,1.6297,0.29727,-0.97654,-1.6683,1
0.91864,1.3923,-0.21932,-0.21268,-0.31791,2.5711,0.66728,1.7684,2.1955,1.2856,1
2.6382,0.15484,-0.69711,0.34466,-0.14105,0.85989,1.5573,0.86771,0.8858,2.2755,1
1.0786,2.4136,2.0917,1.6119,0.65984,1.6238,3.1458,3.0636,2.1958,-0.13945,1
0.75999,2.0422,0.88626,-0.26788,-0.37618,2.3935,0.54313,0.28205,0.9622,-0.52116,1
-1.3539,-1.6341,-0.34628,1.3706,1.4812,0.62255,0.74738,1.1935,1.0114,1.5314,1
1.4196,2.1161,-0.44012,0.59288,1.3049,1.6447,2.9198,1.1267,0.98577,0.23146,1
1.761,1.0696,1.0577,1.6201,-1.503,0.87927,-0.47853,-0.41064,0.20553,0.84331,1
1.4694,2.6224,1.5597,-1.0654,1.486,0.43952,1.3115,1.8104,0.28847,1.3157,1
1.3849,-0.26611,0.82372,-0.019783,1.9965,0.34747,0.64243,2.6379,2.4783,1.473,1
0.019336,-0.68762,0.69512,0.63854,0.74315,0.18834,0.62599,1.3522,2.657,-0.10375,1
0.65824,0.81556,0.99369,-0.55092,-0.82252,-0.36643,-0.34909,0.49859,-0.23506,1.3716,1
0.31148,1.1152,0.83493,1.7504,1.4139,0.20481,0.36036,3.6465,3.0031,1.1461,1
0.89973,0.46015,2.0313,0.59008,0.52249,0.50878,0.88987,0.27064,1.516,0.30267,1
1.4577,1.3839,0.087302,2.0697,0.58207,1.0822,-0.082732,0.099413,2.3227,-0.34358,1
2.3942,0.66086,0.84985,0.86486,-0.5669,1.6657,0.06887,-0.34925,1.0592,-0.68197,1
1.3662,1.1463,1.115,1.0622,0.6563,0.60466,0.39961,1.1953,0.79835,1.1618,1
2.1937,1.8192,0.33643,2.2454,1.7569,0.018169,0.81988,1.1089,1.3414,2.1454,1
-0.25789,2.5348,-0.18742,1.378,1.3701,-0.28718,1.2465,-0.92784,1.1091,0.78459,1
1.7124,2.7125,1.3228,1.1923,0.89366,1.5599,2.1926,2.6985,4.0936,0.44874,1
2.7762,0.92656,1.5554,3.0728,2.0601,1.3734,2.1565,1.7626,2.7548,0.60117,1
1.3212,1.7992,0.13772,1.7201,0.79493,1.4403,-0.4677,1.0691,1.4189,1.0682,1
-0.28089,-1.0252,0.88246,1.203,1.6844,1.7681,0.45195,-1.3954,0.2151,1.6545,1
0.46713,0.7934,1.0306,0.11625,-0.12103,0.87543,1.16,2.0664,2.3495,1.2874,1
2.2736,1.7555,2.1238,0.12301,2.7585,1.5766,0.31086,2.4607,1.0707,1.4432,1
-1.2588,0.38573,-0.5149,1.002,-0.39984,1.8769,0.1598,0.10023,-0.24396,0.0078321,1
1.7844,1.4871,1.9161,2.1829,0.37054,2.2578,0.93916,1.2398,1.093,0.75383,1
-0.85791,0.19722,0.19807,0.9032,-2.0971,1.0833,-0.6103,0.67563,-0.71843,0.49139,1
2.2455,0.35608,2.6374,1.3661,0.34065,0.22165,1.4037,0.51509,3.4479,1.6122,1
-0.045233,0.62779,0.66477,1.5879,-0.89014,-1.0936,-0.14772,1.7792,-0.069721,0.24132,1
2.7931,-0.13622,0.98216,2.4963,0.7344,2.1269,-0.38325,2.9175,1.1883,0.80045,1
2.0169,1.3153,1.0063,0.55459,1.8723,0.23314,0.89871,0.68452,0.8721,1.043,1
2.7157,0.98363,0.16509,1.1861,0.19645,0.51659,1.138,0.0049542,0.82213,1.2245,1
1.2096,0.94586,1.277,0.57055,1.0789,0.96943,2.216,0.83093,0.4079,1.4673,1
1.4264,0.91011,0.93065,1.313,3.1573,3.4604,0.40159,-0.25887,-0.34793,1.4242,1
1.1297,1.6677,1.6701,0.76276,1.0816,1.0873,2.5357,3.2505,1.0335,1.7997,1
1.3574,2.6209,1.9672,1.3197,3.4586,-0.12497,2.5076,1.0845,0.79743,1.6869,1
1.0768,0.013207,1.0803,1.9332,2.2109,0.90132,0.83922,0.62147,0.85388,2.2326,1
1.247,2.0534,1.8535,-0.1972,2.3678,0.14529,1.0174,1.6298,0.62299,2.2473,1
0.20837,0.93215,1.9448,2.0523,0.32982,0.47634,1.1065,-0.73572,-0.094037,1.568,1
0.8417,-1.177,0.38226,0.20853,-0.45057,-0.1824,-0.033786,0.77815,1.0631,0.56663,1
-0.54993,1.4053,0.73158,1.3498,4.0946,0.20841,1.6778,1.1765,2.085,0.76032,1
2.2159,0.9705,1.4801,0.51295,0.72131,-0.022566,-0.90962,0.42429,3.2185,0.73667,1
1.1913,0.46103,0.11337,1.7544,0.67735,-0.31648,1.2593,1.0601,1.4213,1.3937,1
2.0601,1.6272,1.4698,-0.087107,1.3497,1.0201,1.2671,1.8577,-0.045795,2.3912,1
1.5443,0.77445,1.1157,2.0741,0.34022,-0.087332,-0.058306,0.44161,1.0072,1.6522,1
-0.51519,2.5374,1.1366,-0.22303,1.7001,2.2683,1.5257,1.2959,1.2536,0.80997,1
1.3083,1.7449,1.1113,1.8794,0.16252,0.43329,1.0922,0.95603,1.8854,0.12784,1
0.66612,1.4796,0.51882,2.889,3.164,2.5105,1.4034,2.6463,1.8643,2.0532,1
1.3221,0.87719,1.8063,0.1967,2.1485,2.6293,-0.55105,1.8182,2.0459,1.7452,1
1.7008,2.6344,-0.51722,0.48796,0.85337,1.766,0.40662,-0.4149,1.2002,0.19946,1
1.1882,0.89057,-0.17762,-0.45076,0.7858,1.9642,0.60795,-0.40944,0.73702,2.1092,1
0.84123,1.6588,1.1309,-0.06812,0.95186,0.74362,1.3751,0.43213,2.9371,2.1013,1
2.9497,0.85161,0.9907,-0.62379,1.4127,0.67052,2.1507,2.044,1.0891,1.7254,1
0.095834,-1.1369,1.4362,1.4218,1.1915,1.6722,1.426,1.9582,2.1613,2.8363,1
1.2681,1.5334,1.3019,0.53318,-0.33755,0.37449,0.866,2.4753,2.613,1.0391,1
1.819,1.7038,1.8238,-0.14524,1.6054,-0.19473,1.5228,2.409,1.3923,1.5587,1
2.3477,1.3458,-0.031835,1.4344,2.0078,0.90939,0.40664,0.82897,1.8035,0.71191,1
-0.53907,0.67671,1.8399,-0.045926,0.81524,0.79325,-0.4872,0.81955,1.9428,-0.56565,1
-0.7994,-0.24558,0.89169,0.19014,-0.20919,0.52427,0.276,1.7105,0.68854,-0.14513,1
0.28845,1.6746,0.33742,0.27823,-0.033889,0.71257,-0.33095,0.01564,0.038599,0.62643,1
1.408,1.2873,-1.217,1.1582,1.8484,2.0004,2.5117,0.61353,1.263,1.9855,1
2.207,1.1545,0.30245,3.0803,1.0974,1.6493,1.2766,2.0378,1.9136,0.48988,1
0.36812,1.1172,-1.2999,1.5808,0.79026,0.5559,-0.24978,1.4618,0.019945,1.8339,1
0.36558,-0.20131,0.6323,2.4918,1.7624,0.82428,1.2569,0.79632,1.508,-0.046927,1
0.63653,0.10514,1.1603,-0.25236,0.88333,0.91471,0.45261,-0.18742,0.090255,0.43534,1
-0.37051,0.80062,0.59548,1.0341,1.4216,0.52351,-0.50961,0.77397,2.0666,0.12999,1
1.7661,1.3835,2.2675,0.48589,1.9714,1.8989,-1.0729,1.5177,2.8182,0.54136,1
-0.37681,1.9418,-1.1519,2.5617,1.5662,0.99369,1.9513,1.0049,0.21111,-0.31856,1
0.90611,0.3907,2.0722,2.1085,2.9661,1.0358,2.3606,0.98551,-0.26174,2.1142,1
0.5641,0.014273,0.022232,-0.45177,0.68946,-0.32041,0.54359,1.5441,-0.10997,0.95832,1
1.8255,0.56466,2.8991,1.4371,0.12499,-0.91407,2.0788,1.2302,0.080554,1.7354,1
-0.8006,0.88539,1.0219,0.80319,-0.97069,-0.53908,0.5006,0.81737,1.2687,-0.18304,1
0.3165,0.36596,-0.016651,0.2638,2.6319,2.3705,0.51023,1.2718,0.67379,1.8112,1
1.2542,0.54924,2.3244,-0.32055,2.3038,3.1453,1.4082,-0.89283,1.468,2.0513,1
-0.40257,-0.15715,0.24917,-0.36482,-0.46211,0.30718,-0.73498,3.1757,1.0464,0.89213,1
1.1446,2.0526,1.5408,2.9187,3.2363,0.12122,1.1513,1.1253,0.34049,2.0082,1
-0.63914,0.5497,3.0064,-0.26197,2.2585,1.3924,1.8212,0.83106,0.021438,1.9951,1
1.6841,2.1893,1.3243,0.065448,1.8247,0.87688,0.7643,0.50747,1.1882,0.99305,1
-0.33207,-0.093493,0.25077,1.0673,-0.85052,2.0733,0.69281,1.3296,1.9232,1.3207,1
1.6387,2.0659,-0.12505,1.144,-0.47304,0.88997,1.5769,1.3172,1.2703,0.47265,1
1.8138,2.4198,1.7475,2.6016,1.8805,1.5429,-1.1034,1.5527,0.90313,1.5329,1
0.64488,1.451,2.328,1.8933,0.15405,1.0501,-0.54956,2.564,1.035,0.0028794,1
1.2931,1.1567,1.3402,-0.54998,0.83036,-0.25187,-0.37695,0.37428,1.3557,0.76716,1
-0.23154,0.96371,1.3908,2.5579,-0.2768,1.3843,0.64347,2.314,0.75532,2.5856,1
1.1675,0.95967,0.88822,3.5747,3.5378,1.2449,1.2745,-0.13834,2.0928,1.7023,1
1.0033,2.1344,0.74834,1.1205,1.7314,2.4445,1.3048,2.0223,0.8953,1.3275,1
0.16852,0.89254,0.91362,1.7484,1.7358,0.15135,1.1429,1.1143,1.5602,0.61928,1
1.8008,3.136,2.5046,3.2645,0.84067,2.4335,1.6848,1.8283,1.7077,2.0771,1
1.1065,-0.92232,0.6267,-0.46185,-1.036,1.1479,1.1076,0.33027,0.93594,0.3082,1
0.068305,2.0514,-0.56474,-0.021165,1.9408,0.24448,0.85256,0.8313,1.2587,-1.1128,1
1.166,1.8858,-0.15519,2.3622,0.58823,2.5429,1.0688,0.70233,1.4793,1.5574,1
1.5157,-0.022578,1.8777,2.4125,-0.37479,-0.7928,1.2046,0.10067,1.7071,1.1931,1
-1.1799,1.3427,0.66907,2.4255,1.9154,-0.22005,1.2517,0.48908,0.74027,2.3474,1
1.6797,1.7162,2.0676,1.4352,1.3073,2.567,1.863,1.0579,0.90306,1.05,1
1.2883,-0.79968,1.907,-0.28257,0.092194,1.9633,0.67368,0.50868,1.0447,1.8396,1
1.7972,1.1717,0.88182,1.5174,0.041876,0.85559,1.6848,0.36642,0.57565,1.0593,1
2.7404,0.78838,0.21029,0.53732,0.521,0.21863,0.96658,1.0783,1.321,1.2882,1
2.0286,-0.57637,0.12853,1.2993,0.77172,0.985,1.7385,2.4042,0.49759,0.3093,1
0.55092,0.70255,0.47017,0.59526,1.5723,2.0232,-0.7817,0.0011355,-0.16022,0.33034,1
1.9605,1.7414,0.99794,0.24022,1.2555,-0.61612,1.9377,-0.70657,0.12471,1.3907,1
1.3934,0.67169,0.49023,2.5676,-2.9512,0.59569,0.42611,1.1621,1.0488,-0.41244,1
2.8966,2.4795,0.85098,0.089463,1.5961,-0.50287,0.69676,0.53019,1.7991,0.3266,1
0.68565,0.40373,0.32865,0.05595,0.034848,-0.12718,1.9435,0.65632,1.9213,1.6671,1
2.5066,1.929,-0.70385,-0.3155,1.4622,1.3705,2.58,2.0624,-0.3177,-0.76967,1
0.14004,0.023458,1.4708,1.1914,0.95724,1.123,1.232,0.74153,0.3447,0.63096,1
-0.5047,0.42738,2.2754,2.8733,-0.84083,0.33674,1.8588,-0.073036,0.98798,1.9474,1
0.7262,-0.64461,2.027,0.76192,-0.47677,1.2035,0.73371,2.5304,1.4849,0.37376,1
0.75081,0.90207,0.19979,0.50212,0.98989,0.8993,1.3535,-0.38343,-0.12138,0.96683,1
-0.18932,1.8859,0.19699,-0.6866,-1.3579,-0.46421,0.66908,0.74787,-0.5858,0.30263,1
0.19662,0.007358,1.0869,0.17953,-0.77672,1.454,1.8079,1.168,1.7602,0.13388,1
-1.1908,1.0497,0.37636,-0.2095,1.2778,3.6941,1.8747,1.1625,1.4776,1.8895,1
0.9167,1.1216,2.0984,1.2902,0.61609,3.3763,1.5517,-0.64807,0.076503,0.44693,1
1.4869,0.99659,1.3707,1.9514,1.0298,1.5051,1.3002,0.89843,0.67107,1.751,1
3.2082,2.5202,0.6389,0.83211,0.98072,0.746,-0.18806,1.7718,3.0676,1.5776,1
-0.41207,-0.66285,0.70654,0.76472,-0.028511,-0.21732,2.3139,-0.64002,2.5461,1.1302,1
0.97585,0.85824,0.5895,1.5809,0.45909,-0.38135,1.2308,2.8967,0.74407,2.432,1
1.6952,0.20596,1.5354,1.3544,2.6298,2.746,0.1906,0.87227,0.98617,1.9785,1
1.3239,1.552,1.9848,-0.025607,0.81198,2.2104,-0.20558,1.4684,1.5891,2.0691,1
1.7164,1.2936,0.050156,-0.21209,0.76778,2.3071,1.2115,0.54246,1.3542,1.9078,1
0.62095,0.55662,0.3496,0.59449,0.5714,0.49321,1.6559,2.5636,2.3942,0.89627,1
1.3689,-0.33024,1.725,1.2017,0.57003,0.3337,0.65841,0.89761,2.7186,1.0889,1
0.48839,1.4263,2.0796,1.3851,-1.4962,1.5419,0.37457,0.10145,0.59442,1.4713,1
1.1249,2.4796,1.5846,-0.045217,0.6273,1.4352,1.6482,2.2172,1.2785,-0.32608,1
0.60257,0.72448,1.5314,0.28628,-0.081483,-1.0454,2.1037,-0.44011,0.68445,1.0427,1
-0.43468,1.8236,2.8018,2.2215,0.56557,0.76841,1.6947,1.5057,0.38711,1.8344,1
1.1318,0.78395,0.55014,0.57154,-0.088218,2.8809,1.3924,-0.097082,1.2447,-0.016208,1
1.5497,1.3138,2.0525,0.40651,-0.50487,1.1695,-0.20557,0.98393,2.1172,0.057472,1
0.41082,0.59234,0.25773,0.068218,1.6003,0.23315,1.0859,0.016195,2.746,-0.3161,1
-0.11002,1.8698,0.59943,1.1104,0.43945,0.85589,0.62856,0.42542,2.8005,-0.21397,1
1.1936,1.4928,1.1,0.2072,0.25813,1.0702,2.2383,2.444,0.94881,-0.4494,1
1.6954,2.0492,2.0667,1.925,0.99771,0.79551,1.4806,0.94636,1.7558,0.45075,1
1.511,0.77447,1.2665,1.4433,0.044205,0.93638,-0.27459,1.6802,1.6114,1.1722,1
0.74516,-0.4742,0.26618,1.6599,1.8468,-0.011623,0.74902,2.6888,1.9871,0.53583,1
0.58481,1.8326,1.7136,-0.43453,1.0773,2.228,1.736,0.45229,1.1691,2.1252,1
1.072,0.02658,1.7354,0.9129,-0.046791,1.2142,0.55622,0.72078,0.50447,-0.11921,1
0.96814,0.60932,1.6876,0.071018,0.24111,3.5882,1.2211,1.7217,2.1941,1.645,1
1.0863,0.62505,1.4047,0.21456,1.3857,2.2965,0.64973,1.8442,1.3946,0.14772,1
1.1392,0.47911,-1.2514,0.21629,1.6215,0.74054,0.071731,1.678,1.3498,0.55739,1
1.5514,1.6256,0.81295,1.614,2.8443,0.091203,1.0942,0.29964,-0.3506,1.2554,1
-0.96584,0.80807,1.5344,1.7354,1.1343,0.34587,0.069003,1.6592,1.183,2.6632,1
1.05,0.03377,1.1825,1.7053,1.9262,1.9062,2.3205,0.34671,2.3076,2.7039,1
0.20103,1.2665,-0.16702,0.73702,-0.10269,2.3743,1.6546,1.9242,0.45915,1.9587,1
1.0019,0.40878,0.4149,3.012,0.017791,2.3151,0.25564,2.6698,0.62398,0.58972,1
0.49379,1.0577,2.3567,-0.47544,1.1055,1.7469,1.7125,1.2338,1.0651,0.55664,1
1.0583,1.0734,1.808,-0.21812,-1.2067,2.0678,-1.0655,-0.552,-0.71824,0.46459,1
1.4876,1.9634,1.3941,0.48445,2.0323,2.7872,0.62712,0.33614,0.31136,0.57749,1
0.50736,2.5799,2.3292,0.1936,2.6325,1.475,0.77523,-0.25356,1.3841,0.61854,1
3.1457,2.3969,2.5914,-0.014513,1.1606,1.8935,2.1795,0.85674,0.3673,0.66302,1
2.5629,1.9384,1.8734,1.5262,0.914,3.3384,0.8668,1.6077,1.2276,2.4588,1
1.5017,0.19191,1.2464,1.6069,1.4962,1.0798,0.48543,2.5781,2.6558,0.91493,1
-0.32894,-0.25853,1.9899,-0.087648,-0.68354,0.51346,1.3552,1.6899,0.23829,0.83767,1
3.0355,0.65682,1.3082,-0.03696,2.4531,0.80711,1.4111,1.196,0.80573,2.2898,1
1.2338,2.0519,3.6893,0.76397,0.83828,3.1929,1.1418,1.6501,2.4986,0.73041,1
0.68328,-0.17444,-0.040731,2.244,1.7098,1.191,1.9637,1.8454,0.46424,3.3481,1
0.85118,-2.3627,0.7128,0.29811,0.011113,1.9686,1.4771,1.7942,2.4801,0.056129,1
0.16536,1.5527,1.1588,2.2006,1.6406,1.8269,3.3795,1.8194,1.068,1.3505,1
0.88493,-0.23345,0.97118,0.4403,0.75772,-0.25927,1.4347,0.076558,0.35139,-0.72463,1
2.076,1.3241,1.6805,-0.40779,-0.13404,1.1666,1.8019,0.15587,0.3634,0.49122,1
0.41979,1.6536,0.9257,0.10182,3.6427,3.798,0.8534,0.9931,3.5746,-0.26474,1
1.4077,1.2519,-0.12428,1.3853,0.68844,0.59436,0.40768,1.3594,-1.0346,0.88866,1
1.1528,0.62843,1.3772,2.6703,0.60256,-0.24793,1.0097,0.10253,-0.085497,0.8331,1
0.1179,1.0197,1.7638,1.431,1.6086,0.92938,1.4516,-0.50783,0.65617,-0.24462,1
0.75376,-0.66144,0.86568,1.3669,2.2052,0.68542,0.43929,1.2991,1.558,1.1831,1
0.7819,0.38604,-0.10709,1.0905,1.7688,0.51994,2.289,0.86047,1.5558,0.67791,1
0.63809,1.1999,1.2846,0.92697,0.85686,2.3944,1.2348,0.45461,1.6174,1.8722,1
0.44191,1.708,0.0046159,1.0099,-0.47812,-0.49223,-0.39508,1.4688,-0.59696,1.3988,1
1.3303,0.78503,0.077874,0.61787,1.9908,1.0484,1.6139,-0.58402,1.1074,1.198,1
1.9392,1.0014,2.1795,1.2014,2.0133,2.8966,0.6328,1.7046,1.4031,1.2478,1
0.6688,1.4617,-1.4094,2.4871,-0.90217,1.0693,0.63637,3.0159,1.4195,1.4385,1
1.1252,0.098887,1.282,0.065782,1.6515,-0.49556,1.4597,1.5025,0.060511,0.18883,1
0.85901,0.93437,1.5262,3.4943,1.49,0.47559,0.045786,-0.61337,0.63712,-0.33377,1
3.1334,-1.5912,2.444,1.0043,1.9444,1.1957,-0.74314,1.5313,0.31234,2.7125,1
0.65859,2.4508,0.79929,0.64205,1.427,0.93613,0.90003,0.49401,1.6951,1.2249,1
1.4538,-0.46428,0.18489,-0.58453,0.105,0.94329,0.55456,0.93128,1.9097,0.24929,1
0.10404,-0.087639,0.25964,-0.62172,0.8105,0.95213,1.6023,1.5579,0.73565,0.8241,1
1.0254,1.0004,0.49972,1.5539,1.4386,-0.049424,0.0091972,0.35111,-0.089945,1.1101,1
0.8495,1.9898,0.8148,1.7601,1.8054,1.4817,1.4738,-1.2833,1.2783,0.84359,1
1.7963,0.93087,0.1409,0.13844,0.203,0.89111,1.0608,0.80291,0.21853,2.052,1
0.60304,0.94195,0.14771,1.1766,-0.18031,2.5734,1.2319,0.22501,0.97893,0.85163,1
0.87094,1.1306,2.5785,1.7434,0.57313,0.22541,1.1524,1.8364,-0.23901,1.2739,1
1.2719,2.2098,0.10177,1.3029,0.11347,1.4108,0.58753,0.41156,0.96532,2.0061,1
2.1216,2.2594,0.74172,0.25032,0.36786,1.0061,2.0798,2.6019,2.1724,1.1368,1
-0.58093,0.25841,-0.93258,1.4446,1.1673,2.4632,-1.203,1.5615,1.158,0.17304,1
2.4328,1.4577,1.9514,3.3731,1.5741,1.2405,0.20524,1.2279,1.7952,2.827,1
0.36986,-0.062892,1.7295,1.5632,0.011035,0.43526,2.5208,1.4613,1.8958,-0.31588,1
0.96751,1.0165,1.5915,1.2091,1.4803,1.3222,-1.5284,1.5321,1.295,1.6721,1
1.1738,-0.076182,0.70712,3.5439,1.2207,0.085402,-0.34567,0.5828,-0.9903,1.6807,1
1.4906,0.2025,1.6379,0.12273,-0.309,-0.13426,1.4578,1.7857,1.2137,0.45199,1
1.0343,0.33659,-0.41329,1.4626,2.6889,1.84,0.81836,2.1395,2.4223,1.8776,1
-0.2308,1.6015,0.36301,2.013,0.80838,0.24402,-0.049574,-0.64571,2.1006,-0.22188,1
0.50746,-0.96512,2.2042,-0.20425,0.93114,0.7017,-0.45939,0.77836,1.6667,0.31043,1
1.6037,0.021844,1.1209,1.2634,1.9191,-0.10735,2.0284,2.9421,0.48895,1.1049,1
0.94451,3.5406,3.0437,1.4732,0.29399,1.3717,1.7582,1.5481,1.5767,3.4431,1
1.6109,-0.53726,1.1913,1.4028,1.3147,1.1326,0.94297,0.31908,0.73421,1.4842,1
1.1792,1.3493,1.6326,1.8834,1.4976,0.66604,1.1876,1.4395,-0.42222,1.1902,1
1.2705,0.55144,0.73706,1.5368,-0.3807,-0.080452,-0.31421,1.7155,0.36638,-2.1546,1
1.1481,0.82834,-0.95327,2.6611,0.5245,1.1742,0.82961,2.4704,-0.39388,2.0016,1
1.2246,3.1275,0.01651,-0.27462,1.1231,1.489,1.3377,0.36976,1.6319,2.8122,1
1.9497,1.767,2.0575,1.7756,1.909,-0.2704,1.4683,-0.36534,2.1562,1.1935,1
1.7839,2.1118,-0.115,0.74583,2.2978,0.43343,1.9711,1.2729,4.0354,2.3388,1
2.3703,-1.0445,0.19605,0.34142,0.5954,2.1735,0.38718,0.42925,0.1554,0.50897,1
0.27857,1.524,0.29336,1.0263,1.6517,-0.34337,0.89892,-0.043845,0.54203,0.68423,1
1.0811,0.19202,-0.69009,2.3097,-0.83601,0.12472,0.93181,1.0544,0.28096,1.6719,1
2.0088,1.527,2.0362,3.7557,-0.18489,0.11391,0.727,1.6164,0.89944,1.5012,1
0.93256,0.48333,-0.55298,0.3169,2.3227,-0.95757,0.22497,0.86676,1.5853,1.3276,1
1.1925,0.60347,-0.27632,1.2447,-0.35542,1.1425,2.7052,0.94412,-0.59883,1.4461,1
-0.51269,0.14751,-0.39136,-0.3948,-0.39097,1.281,0.25459,0.25115,0.28182,0.51912,1
1.4617,1.4184,0.34584,1.5112,1.3696,0.074933,-0.13048,2.2076,1.5545,1.9398,1
2.5993,2.4248,1.8866,0.66662,1.8868,0.25553,1.5489,2.7091,1.912,0.91466,1
2.2248,-0.4478,1.5459,0.46403,1.8672,-0.4987,0.32177,0.70041,0.52435,3.7656,1
0.55619,1.3325,1.6422,0.87209,1.2402,0.45427,0.23084,-0.28615,0.72483,1.5992,1
1.3687,-0.03708,1.0743,-0.27818,0.96622,0.33968,1.0517,0.88535,0.42622,3.268,1
2.8757,2.0062,1.9585,1.6651,0.40032,0.2367,1.6345,0.33712,1.3982,1.7069,1
1.2264,-0.19118,0.67392,0.78327,1.6136,1.0983,3.1662,2.9268,1.5527,1.926,1
0.69724,1.4339,1.6751,-0.2167,0.94185,1.5901,1.5091,2.0782,0.52855,1.1961,1
0.98343,0.041336,1.2882,1.5964,0.97857,2.6516,2.2757,1.8263,2.1941,2.0311,1
1.1175,1.0191,-1.2879,1.8739,-0.031787,1.1734,-0.065235,0.62512,0.38385,0.011565,1
2.3119,1.0391,-1.4818,0.73821,1.1738,0.6829,-0.019439,0.027236,0.68034,0.30807,1
0.76483,1.8286,2.7873,0.33848,-0.053224,0.067153,0.9756,0.8475,0.23215,0.33096,1
-0.042618,1.2438,-0.33865,2.0525,0.96546,1.1066,1.9012,1.5304,1.491,2.1448,1
0.49415,1.7453,3.1672,2.8106,2.1082,1.5768,0.53007,0.92455,1.7886,1.2891,1
1.0357,1.1748,2.9608,0.62379,2.0523,0.92498,1.4634,1.4924,1.3326,1.5107,1
0.057401,2.4438,1.6685,0.94431,1.3048,0.38578,2.255,1.9275,1.4481,1.2291,1
2.816,1.2868,2.0633,0.89346,1.2784,-0.0035431,2.2532,0.94332,2.1391,0.096103,1
1.8282,0.052046,0.86707,1.1027,0.038877,0.95142,2.1672,0.59914,-0.25701,0.18663,1
0.72511,0.19277,-0.4871,0.19783,1.4403,-0.53444,-0.77748,0.4762,0.72478,2.0657,1
0.6041,0.68301,2.2929,2.7324,1.4399,2.3457,1.33,1.7143,1.5874,1.8194,1
1.0761,0.71539,-0.27362,1.9727,3.39,-0.74376,2.9057,0.6213,2.0531,0.97515,1
1.9907,0.30519,1.0124,0.57147,-0.66888,1.5132,-0.88784,1.2702,2.6395,2.0369,1
1.6002,-1.2342,1.8465,0.16166,2.2643,0.69535,1.7713,0.6169,0.57247,1.5331,1
0.096467,0.65052,-0.0090035,1.0937,0.69416,0.18914,0.92143,1.3593,0.90161,0.56255,1
1.1147,1.1561,0.86005,3.0703,0.98446,0.36198,1.8544,1.247,0.32965,0.88099,1
1.3537,-0.60391,1.1,1.5863,1.4475,-0.21522,0.59244,-0.6573,0.60127,-0.28668,1
-1.3612,2.1091,0.32384,0.79961,2.057,0.9642,0.10378,-0.45755,0.13286,0.82791,1
1.0303,1.1971,1.821,1.8146,1.5442,0.94034,1.5826,1.1841,2.3834,2.9126,1
0.96524,3.6623,0.65629,2.583,0.25454,1.319,0.50206,2.4877,2.8908,1.2918,1
2.3794,1.02,0.7362,1.5204,1.0144,1.5336,-0.59287,0.46188,0.34479,0.65923,1
2.2578,-1.2359,0.32621,0.72487,0.95836,1.3043,2.2905,1.7272,0.80891,1.0422,1
1.3532,0.35069,2.1601,1.9738,1.5477,1.0915,1.175,1.6002,0.8937,2.8257,1
2.2298,2.8443,2.0676,0.75939,0.37831,0.9598,2.1092,2.2586,2.3759,1.9706,1
0.46826,1.0398,1.151,2.1898,0.14947,0.88155,0.86238,0.84176,0.11278,1.5808,1
1.5782,2.8909,1.0198,1.0435,0.48831,-0.29911,1.6832,-0.43963,-0.51673,0.077857,1
1.2934,1.4914,0.84706,2.8981,0.07119,3.1218,2.2309,2.2936,1.0831,3.2126,1
1.9335,-0.2781,0.018051,0.23568,-0.39231,1.6641,0.68684,2.3988,1.235,0.0035122,1
1.8792,1.8858,1.5376,2.5941,2.5308,2.6474,1.3544,0.39902,1.9154,0.91777,1
0.57174,1.8612,3.9077,1.353,2.7116,0.16436,1.5955,0.48579,0.35229,2.2303,1
1.0015,0.82246,1.7065,2.4292,0.088798,1.6308,1.7679,0.093657,-1.5483,0.60865,1
0.0824,0.41027,0.86283,0.66246,0.087978,0.16349,-0.343,1.5061,-0.25264,0.85678,1
1.4828,-0.071959,1.3089,0.99459,1.8758,3.1759,2.7908,0.83324,1.2868,0.67613,1
-0.39569,-0.067653,0.55562,3.2907,1.5351,-0.33088,0.81674,0.23485,-0.22524,-0.45054,1
1.6353,1.6416,-0.11697,-0.059384,1.3277,-0.5248,1.4345,0.77455,2.5885,1.3479,1
0.52634,2.5436,0.82022,1.827,2.3261,1.2245,1.2988,-0.29842,-0.16058,2.5452,1
0.31645,-0.51117,1.5685,3.4362,1.7441,1.0988,-0.40247,-0.041869,1.5445,1.2802,1
1.4091,0.077816,1.2755,-0.06454,2.9811,0.83397,0.46789,0.67302,0.047913,0.053998,1
1.0427,1.2498,1.7568,0.65834,1.7703,1.5147,-0.27679,0.52732,0.58195,0.41906,1
0.97952,-0.531,0.70642,0.35496,-1.1994,-0.22893,1.8563,-1.6339,0.60703,-1.0278,1
0.40779,-1.1948,2.2159,1.6251,1.134,0.21776,0.95246,1.7696,0.13136,1.7464,1
1.2146,1.283,0.59674,0.55113,0.83881,2.0809,1.1524,1.3242,1.9662,0.87634,1
-0.50432,0.84794,1.1968,0.99295,-1.2178,0.65109,0.10645,0.95307,0.56386,-1.9554,1
-0.0090385,1.2273,1.5295,1.6996,2.2171,1.0006,1.8567,2.5833,1.5852,0.11809,1
1.3522,2.5872,-0.41487,2.663,1.7332,1.5622,0.62857,1.9412,1.6802,3.0972,1
1.8361,0.66371,1.0729,0.67824,-1.0857,1.6753,0.3763,0.039331,1.1652,1.3309,1
0.3732,1.8197,0.43608,-0.78578,1.3089,1.6157,0.72199,1.6139,-0.47541,1.0993,1
1.5373,0.30376,2.652,0.15515,0.99722,-1.0641,0.35855,0.66815,2.1489,-0.37554,1
1.7264,1.4253,1.7041,0.8868,0.097865,2.5031,2.0508,-1.2249,1.4478,2.1345,1
3.0251,1.8399,0.652,2.3811,0.13928,1.1289,2.6372,0.67079,1.5675,0.84619,1
0.43312,0.84407,0.61136,-0.92478,0.25876,-0.36549,0.73595,1.2277,-0.40267,0.7381,1
-0.60774,2.094,0.92483,1.4839,1.8146,0.63448,0.52269,0.088492,0.28295,-0.78789,1
-1.45,-0.073284,1.4859,2.1576,0.94396,0.48816,0.7135,1.2028,-0.62408,2.4825,1
3.0867,1.717,1.8421,-1.1953,1.5993,2.1306,0.16614,0.98304,1.0468,0.87461,1
2.1709,2.5806,2.5727,1.9282,0.25861,1.9409,-0.64664,1.3174,-0.0058662,-0.21121,1
1.8338,0.58123,1.7699,-0.41462,-1.4705,0.013873,0.61812,1.899,1.2483,0.74041,1
